Name  /  Date: 2016_09_04;0:00;1:00;2:00;3:00;4:00;5:00;6:00;7:00;8:00;9:00;10:00;11:00;12:00;13:00;14:00;15:00;16:00;17:00;18:00;19:00;20:00;21:00;22:00;23:00
MQ_03290_FV12_GR (MQ0);172;141;101;103;93;102;91;70;91;152;175;268;267;313;358;353;312;337;343;262;201;159;131;52;
MQ_03020_FV4_L (MQ1);22;27;13;4;13;24;33;14;48;72;83;103;120;122;171;149;130;160;153;106;92;62;33;21;
MQ_03290_FV3_GR (MQ10);148;125;83;75;78;98;67;66;75;126;167;157;222;211;246;213;227;228;228;228;203;135;100;53;
MQ_03020_FV2_L (MQ100);7;7;2;3;1;0;8;2;10;10;14;25;12;16;21;22;30;39;36;15;15;11;6;6;
MQ_03181_FV3_R (MQ1001);0;0;0;0;0;0;0;0;0;0;1;1;1;2;2;1;2;2;2;1;1;1;0;0;
MQ_06170_FV4_L (MQ1002);1;1;0;0;0;1;0;3;0;2;1;4;2;5;9;5;5;8;8;5;9;5;0;0;
MQ_08050_FV3_L (MQ1003);2;5;3;4;3;2;3;11;3;18;48;88;78;71;60;47;41;27;20;11;9;5;5;1;
MQ_06161_FV3_L (MQ1004);51;41;21;19;9;12;27;22;42;80;121;134;167;179;185;195;176;195;211;131;117;88;46;15;
MQ_06170_FV6_L (MQ1005);6;3;5;1;2;1;3;4;10;14;20;27;29;27;26;29;21;30;30;29;14;14;6;3;
MQ_08110_FV1_LO (MQ1006);2;1;1;0;0;1;1;1;4;6;5;7;10;11;11;10;10;10;9;11;6;3;2;1;
MQ_08110_FV3_RO (MQ1007);1;1;0;1;1;0;1;2;7;12;13;8;8;10;9;10;8;9;10;7;7;3;1;2;
LSA 29120 Schleifen (MQ1008);275;192;107;117;87;109;123;143;210;446;553;754;797;887;986;840;916;922;866;657;547;376;247;122;
MQ_06160_FV2_R (MQ1009);61;40;27;26;27;38;17;17;62;87;138;102;123;117;123;146;151;149;170;157;111;75;43;17;
MQ_02020_FV4_L (MQ101);43;32;30;15;13;8;21;17;59;102;100;128;140;158;182;202;154;211;228;156;130;109;52;34;
MQ_03030_FV1_G (MQ1010);103;60;36;29;22;36;67;68;109;177;261;300;351;493;477;444;427;442;414;316;274;180;112;52;
LSA 3290 Schleifen (MQ1012);3011;2542;1622;1521;1440;1450;1051;1016;1435;2620;4131;4208;5013;5362;6230;5471;5234;5525;5621;4825;3761;2853;1950;1153;
LSA 8020 Schleifen (MQ1013);3104;2723;1685;1778;1728;1564;1113;990;1257;2275;3718;3539;4290;4855;5605;4555;4337;4478;4537;3920;2943;2392;1763;918;
LSA 8030 Schleifen (MQ1014);1281;1097;608;645;607;550;381;337;480;900;2048;1458;1706;2066;2554;1848;1726;1947;1814;1664;1194;1051;864;401;
LSA 8031 Schleifen (MQ1015);1526;1303;1338;1204;1594;1459;841;820;781;1040;2295;1731;1805;3189;3345;2322;2173;2201;1789;1918;1268;1287;882;817;
LSA 8032 Schleifen (MQ1017);879;716;465;528;469;383;326;287;424;822;1405;1398;1669;2234;2367;1829;1646;1627;1544;1332;1046;972;759;342;
LSA 8054 Schleifen (MQ1019);432;332;189;167;129;170;170;175;301;607;831;1191;1259;1321;1416;1314;1180;1236;1161;904;744;524;322;196;
MQ_02020_FV3_L (MQ102);10;8;5;2;1;1;3;4;17;11;25;28;30;22;25;26;39;28;19;25;26;11;4;3;
LSA 8140 Schleifen (MQ1020);273;192;100;119;74;93;86;108;196;383;527;694;757;857;939;861;847;864;824;644;514;336;218;113;
MQ_01210_FV32_L (MQ1021);11;4;7;4;3;3;1;10;14;13;22;17;24;30;39;35;28;32;36;40;23;14;7;4;
MQ_01081_FV3_G (MQ1022);147;64;79;67;56;35;48;38;49;92;124;172;197;261;236;230;246;259;268;223;227;122;132;65;
MQ_03030_FV1_L (MQ1023);6;3;0;3;1;4;2;5;4;18;6;10;13;25;21;27;19;12;13;7;4;4;4;1;
MQ_01200_FV1_G (MQ1024);320;203;128;100;64;63;91;112;202;322;461;628;700;847;901;835;776;832;871;593;509;353;225;126;
MQ_01121_FV1_G (MQ1025);25;9;12;8;11;3;25;12;47;121;112;164;114;105;131;140;126;99;107;74;40;25;17;16;
MQ_01121_FV3_L (MQ1026);1;1;0;0;0;0;0;0;1;1;1;2;2;2;2;2;2;2;2;2;1;1;1;0;
MQ_01121_FV3_G (MQ1027);66;28;13;6;8;1;4;8;22;27;28;84;121;87;95;108;105;95;95;76;48;30;21;7;
MQ_01121_FV1_R (MQ1028);4;1;2;1;1;0;4;2;6;17;15;23;15;14;18;19;17;14;15;10;6;4;2;2;
MQ_01200_FV1_L (MQ1029);13;6;3;9;21;3;2;11;17;11;26;33;22;41;33;34;31;35;42;34;30;17;12;4;
MQ_01070_FV2_L (MQ1030);;;;;;;;;;;;;;;;;;;;;;;;;
MQ_01121_FV2_G (MQ1031);10;10;5;2;2;1;1;2;1;10;6;14;6;9;5;8;13;14;14;7;9;3;4;3;
MQ_09040_FV1_G (MQ1033);91;66;47;43;38;34;33;39;33;72;111;147;178;198;205;186;192;214;236;239;172;124;79;47;
MQ_09040_FV3_G (MQ1034);91;54;34;27;21;35;37;46;85;140;153;148;182;212;224;232;223;232;261;249;169;101;69;38;
MQ_09050_FV1_G (MQ1035);152;109;68;57;34;37;47;61;81;147;211;259;305;342;314;305;295;325;350;323;233;189;120;62;
MQ_09050_FV3_G (MQ1036);92;80;47;46;32;38;47;50;93;206;228;209;252;282;259;279;295;270;292;277;218;147;88;51;
MQ_09060_FV11_G (MQ1037);142;105;59;51;36;34;48;63;85;134;200;246;278;302;291;295;261;294;296;299;211;165;115;65;
MQ_09060_FV11L (MQ1038);9;8;8;5;3;4;4;7;13;30;23;21;24;36;22;26;31;32;26;27;13;19;10;3;
MQ_09060_FV2_L (MQ1039);25;17;8;4;2;8;17;15;7;49;51;86;87;98;106;106;78;96;95;76;51;44;20;11;
MQ_03023_FV1_G (MQ104);84;44;31;23;11;27;50;49;73;128;209;259;315;383;393;372;363;410;380;263;202;144;77;40;
MQ_09060_FV2_R (MQ1040);5;4;2;1;0;2;4;3;2;10;10;17;18;20;22;22;16;20;20;16;11;9;4;2;
MQ_09060_FV3_G (MQ1041);231;186;103;94;57;52;88;110;148;317;415;473;520;565;578;582;513;566;537;525;446;298;205;111;
MQ_09060_FV3_R (MQ1042);91;66;47;44;47;79;77;51;70;140;161;162;226;207;200;194;231;203;225;225;137;162;131;63;
MQ_03250_FV1_R (MQ1043);11;6;5;5;3;3;3;4;5;10;13;16;19;23;22;19;21;21;25;24;15;14;9;5;
MQ_03250_FV1_G (MQ1044);60;37;26;30;15;17;17;25;29;57;71;92;106;128;124;108;117;122;142;138;83;78;49;30;
MQ_03250_FV1_L (MQ1045);27;23;20;13;25;18;13;14;21;30;35;59;56;62;67;81;52;78;79;73;80;38;33;18;
MQ_03250_FV2_R (MQ1046);15;11;7;7;8;7;7;7;12;19;34;35;44;46;48;38;43;42;48;41;28;21;12;5;
MQ_03250_FV2_G (MQ1047);114;77;51;54;58;54;49;49;91;138;246;257;319;340;349;282;315;311;349;304;205;153;91;35;
MQ_03250_FV2_L (MQ1048);43;31;29;11;16;13;15;22;36;59;89;106;120;125;115;110;121;131;140;111;75;67;48;19;
MQ_03250_FV3_R (MQ1049);21;16;10;9;5;9;10;10;20;41;45;43;54;56;53;61;55;55;59;53;46;30;19;10;
MQ_03250_FV3_G (MQ105);63;47;31;26;14;28;29;30;59;122;134;128;161;167;160;182;165;164;176;160;137;89;56;31;
MQ_03250_FV3_L (MQ1050);17;18;10;19;15;12;15;12;15;39;54;49;53;66;65;53;70;63;75;68;63;40;25;11;
MQ_03250_FV4_R (MQ1051);30;26;17;14;11;13;9;10;13;30;42;55;67;78;78;77;71;76;69;69;56;43;25;15;
MQ_03250_FV4_G (MQ1052);119;102;66;57;45;51;38;41;53;122;170;220;268;313;312;308;285;302;277;275;226;172;100;60;
MQ_03250_FV4_L (MQ1053);13;6;5;5;6;3;4;5;4;7;4;9;14;14;26;24;23;24;24;24;22;15;7;3;
MQ_03030_FV1_R (MQ1054);8;8;4;0;2;2;6;10;47;62;118;108;93;106;80;101;77;39;41;19;23;11;8;2;
MQ_03030_FV2_G (MQ1055);1;1;0;0;0;0;0;0;0;1;2;3;2;2;2;2;2;2;2;1;1;1;0;0;
MQ_03030_FV2_L (MQ1056);7;9;3;4;3;3;2;1;4;13;27;43;27;21;20;24;29;26;25;11;8;6;3;6;
MQ_03030_FV2_R (MQ1057);5;6;2;3;2;2;2;1;3;9;18;29;19;15;14;16;20;18;17;8;5;4;2;4;
MQ_03030_FV3_G (MQ1058);80;51;34;15;35;98;41;42;101;172;220;284;330;351;408;427;326;361;366;257;240;149;94;72;
MQ_03030_FV3_L (MQ1059);11;11;6;2;1;4;6;13;60;55;90;73;81;88;109;87;74;54;69;45;35;20;15;8;
MQ_03080_FV4_R (MQ106);8;6;2;2;1;3;6;2;7;24;23;17;25;29;31;26;22;39;26;28;15;15;5;5;
MQ_03030_FV3_R (MQ1060);1;1;1;0;1;2;0;0;;;16;5;5;5;6;7;5;6;5;4;4;3;2;2;
MQ_03030_FV4_G (MQ1061);3;2;0;0;1;1;1;1;4;7;7;8;9;10;10;12;12;9;11;8;5;2;2;1;
MQ_03030_FV4_L (MQ1062);17;13;2;2;5;5;7;6;23;43;47;50;63;64;65;82;82;63;72;51;36;14;10;7;
MQ_03030_FV4_R (MQ1063);17;13;2;2;5;5;7;6;23;43;47;50;63;64;65;82;82;63;72;51;36;14;10;7;
MQ_03120_FV1_G (MQ107);203;156;91;82;72;119;115;126;244;329;498;583;701;763;769;711;636;713;793;600;438;362;205;102;
MQ_03020_FV2_R (MQ108);8;7;5;2;1;10;2;7;12;29;43;31;46;46;59;40;38;51;68;29;27;23;16;6;
MQ_03120_FV1_R (MQ109);3;2;1;1;1;2;2;2;3;4;6;6;8;9;8;8;7;8;9;7;5;4;2;1;
MQ_08050_FV2_L (MQ11);27;21;13;16;25;13;7;22;21;33;82;209;323;311;315;274;206;187;96;48;36;19;10;11;
MQ_03120_FV2_L (MQ110);3;2;3;1;0;1;3;3;10;8;28;20;17;19;24;20;35;50;17;30;17;6;4;1;
MQ_03120_FV2_R (MQ111);0;2;0;0;0;0;3;7;10;9;12;10;10;19;79;16;74;70;15;15;15;14;2;0;
MQ_06160_FV3_L (MQ112);6;3;4;3;4;7;2;3;5;8;21;24;34;37;26;42;52;48;34;36;30;20;5;2;
MQ_03120_FV3_G (MQ113);176;105;95;47;52;107;87;108;160;340;416;547;625;713;821;751;679;747;776;649;490;281;212;107;
MQ_03020_FV2_G (MQ114);25;23;9;8;7;12;8;9;24;45;62;68;78;91;90;93;85;99;104;73;77;41;26;14;
MQ_03120_FV3_L (MQ115);2;4;5;3;1;18;7;9;9;11;20;30;26;24;34;33;22;25;36;25;35;15;7;5;
MQ_03140_FV1_G (MQ116);154;100;73;54;39;70;70;88;154;284;428;504;585;633;775;701;649;743;746;609;436;250;172;87;
MQ_03140_FV1_L (MQ117);4;2;3;1;1;0;0;1;12;14;19;14;25;22;12;24;23;34;36;20;19;6;11;2;
MQ_03140_FV1_R (MQ118);5;3;2;2;1;2;2;2;4;8;11;13;15;15;19;17;16;18;17;15;12;7;5;2;
MQ_03140_FV2_G (MQ119);0;0;0;0;0;0;0;0;0;1;1;1;1;0;1;1;1;1;1;0;0;0;0;0;
MQ_03290_FV3_G (MQ12);139;117;78;71;73;92;63;62;71;118;157;148;209;198;231;200;213;214;214;214;191;127;94;50;
MQ_03140_FV2_L (MQ120);1;0;1;0;0;2;1;1;7;10;10;10;12;7;13;15;17;16;25;7;5;3;2;1;
MQ_08040_FV1_L (MQ121);41;41;22;27;22;18;13;11;10;15;13;13;36;75;83;55;42;60;59;50;35;34;23;19;
MQ_03140_FV2_R (MQ122);2;1;2;1;0;2;2;2;11;16;16;15;18;11;21;24;26;26;39;11;8;5;4;1;
MQ_08040_FV1_G (MQ123);214;163;97;105;88;82;66;53;87;166;224;338;348;442;453;349;309;304;287;291;241;217;133;77;
MQ_03140_FV3_G (MQ124);188;134;90;79;61;114;110;106;210;333;476;550;633;740;783;724;647;769;797;565;435;356;188;90;
MQ_03140_FV3_L (MQ125);1;4;5;1;1;1;1;2;8;3;11;11;19;19;32;15;17;23;27;25;14;15;9;5;
MQ_03140_FV3_R (MQ126);4;3;2;2;1;3;3;2;5;7;9;11;13;14;15;14;13;15;15;11;9;7;4;2;
MQ_08040_FV1_R (MQ127);72;60;39;49;48;27;25;20;32;50;41;68;90;222;238;110;111;102;88;80;65;49;43;11;
MQ_08040_FV2_R (MQ128);23;15;11;10;8;6;9;7;15;21;89;35;55;38;48;48;58;57;58;44;28;11;6;4;
MQ_08040_FV2_L (MQ129);19;7;5;5;3;9;13;20;12;37;109;165;141;115;128;83;64;61;56;51;34;20;10;10;
MQ_08050_FV3_G (MQ13);170;117;76;66;56;80;92;94;174;365;462;534;578;572;643;625;570;579;551;380;307;178;128;69;
MQ_03140_FV4_G (MQ130);9;3;4;3;2;1;0;2;4;5;7;17;9;6;25;17;28;11;11;10;12;4;5;0;
MQ_03140_FV4_L (MQ131);7;2;2;1;1;5;6;3;12;10;28;30;31;41;15;33;25;41;36;19;11;10;8;3;
MQ_03160_FV1_G (MQ132);163;105;73;51;44;82;76;98;149;306;424;499;563;647;773;646;597;707;727;560;415;234;159;89;
MQ_03160_FV1_L (MQ133);53;34;14;19;11;17;17;19;38;56;95;106;137;130;167;162;153;178;165;144;105;69;52;31;
MQ_03160_FV1_R (MQ134);14;9;6;5;4;7;6;9;13;25;33;36;45;49;53;47;43;52;53;43;32;19;13;7;
MQ_03160_FV2_G (MQ135);59;60;35;28;29;43;52;53;80;153;197;168;216;228;258;243;230;240;227;178;154;128;61;34;
MQ_03160_FV2_L (MQ136);6;1;1;0;0;2;0;3;3;8;12;10;24;28;21;31;28;27;23;9;12;6;1;1;
MQ_08040_FV3_L (MQ137);77;49;24;13;19;32;37;47;86;191;214;356;384;408;417;385;334;361;301;197;145;76;51;29;
MQ_03160_FV3_G (MQ138);122;113;62;56;36;63;70;60;126;219;313;419;461;542;555;527;468;517;509;412;325;247;136;71;
MQ_08040_FV3_R (MQ139);18;10;1;6;5;9;9;13;11;25;44;100;153;133;123;97;92;79;60;32;34;15;15;7;
MQ_03070_FV1_L (MQ14);2;4;1;1;1;1;2;2;4;5;10;15;10;19;21;23;25;20;24;10;11;6;10;4;
MQ_08040_FV3_G (MQ140);113;97;71;66;62;56;58;65;110;211;344;327;413;405;449;438;392;372;334;241;180;118;88;43;
MQ_03160_FV3_L (MQ141);5;4;2;1;0;3;2;2;5;10;8;6;17;8;22;11;12;15;26;10;10;3;5;0;
MQ_03160_FV3_R (MQ142);0;0;0;0;0;0;0;0;0;1;2;2;2;3;3;3;2;3;3;2;2;1;1;0;
MQ_03160_FV4_G (MQ143);52;34;26;20;9;20;13;19;27;38;52;85;91;118;114;111;113;99;90;84;62;49;29;34;
MQ_03160_FV4_L (MQ144);138;99;76;71;40;68;58;55;80;132;143;205;254;273;310;279;247;270;256;214;200;134;82;63;
MQ_03171_FV1_G (MQ145);135;94;64;54;37;80;67;87;139;273;374;455;494;561;652;543;512;589;602;461;330;209;144;67;
MQ_08040_FV4_R (MQ146);87;66;31;20;24;42;67;69;68;132;266;430;365;383;386;347;292;288;288;229;207;139;76;47;
MQ_08040_FV4_L (MQ147);47;25;25;27;12;17;24;26;31;68;239;74;94;80;108;92;98;107;96;83;75;36;28;19;
MQ_08040_FV6_R (MQ148);15;10;6;2;1;3;4;5;7;27;31;28;30;38;31;31;30;46;38;31;16;15;15;2;
MQ_03171_FV1_L (MQ149);0;2;0;0;1;2;1;1;2;4;4;4;7;6;6;5;9;4;9;4;8;2;1;0;
MQ_03290_FV4_G (MQ15);96;82;42;42;44;46;27;27;54;73;83;128;153;166;170;177;172;195;195;197;144;118;74;30;
MQ_03171_FV3_G (MQ151);131;115;65;59;42;56;65;53;114;221;307;407;463;517;555;526;460;529;515;405;346;237;135;65;
MQ_03171_FV3_R (MQ152);1;1;0;0;0;0;0;0;1;1;2;2;2;3;3;3;3;3;3;2;2;1;1;0;
MQ_03180_FV1_G (MQ153);101;87;53;50;40;48;40;43;71;147;209;284;322;353;363;350;304;347;348;277;240;170;106;57;
MQ_03180_FV1_L (MQ154);12;6;3;1;1;2;3;3;8;11;11;24;21;23;34;40;34;22;36;21;25;7;9;4;
MQ_03180_FV1_R (MQ155);9;7;5;5;4;5;3;4;6;11;17;21;24;24;26;27;24;25;26;19;18;14;9;4;
MQ_03180_FV2_G (MQ156);45;24;9;14;7;12;5;7;18;30;45;75;87;83;95;83;87;91;97;104;63;47;26;12;
MQ_03180_FV2_L (MQ157);3;2;3;1;0;0;0;1;2;6;4;8;6;8;17;18;12;13;13;20;11;4;3;1;
MQ_03180_FV2_R (MQ158);6;4;1;1;0;1;1;1;3;5;5;8;12;11;10;10;12;13;13;11;9;6;4;1;
MQ_03180_FV3_G (MQ159);85;56;39;28;25;55;40;45;74;158;254;282;291;323;381;328;268;344;346;279;197;117;90;40;
MQ_03290_FV4_L (MQ16);73;62;39;37;34;25;36;23;44;94;179;177;198;204;227;157;180;164;169;156;107;76;60;27;
MQ_03180_FV3_L (MQ160);48;31;22;21;14;13;25;29;62;101;112;164;192;223;298;216;231;225;263;185;120;77;49;22;
MQ_03180_FV3_R (MQ161);3;1;1;1;0;1;1;1;1;5;6;7;7;8;10;9;7;10;9;8;5;4;2;1;
MQ_03180_FV4_G (MQ162);23;12;3;10;2;10;4;11;15;31;48;41;49;56;83;70;82;68;74;59;58;30;11;7;
MQ_03180_FV4_L (MQ164);15;9;6;4;4;5;4;5;11;29;36;45;50;56;56;39;40;50;54;45;31;18;17;5;
MQ_03180_FV4_R (MQ167);50;46;20;14;13;13;28;21;47;88;126;148;188;197;204;220;191;214;220;155;124;91;49;10;
MQ_03021_FV1_G (MQ168);92;71;53;20;30;76;59;61;160;248;315;374;403;442;547;525;394;428;461;318;278;173;110;68;
MQ_03070_FV1_R (MQ17);28;16;8;6;9;24;19;13;28;41;69;76;104;115;112;108;86;96;86;70;60;39;21;13;
MQ_05010_FV1_L (MQ170);68;61;37;30;33;48;46;58;84;182;220;214;236;226;302;257;234;248;253;209;159;115;71;39;
MQ_05010_FV1_R (MQ171);2;2;1;1;0;0;2;2;6;13;16;24;14;20;29;24;22;14;9;10;7;6;3;1;
MQ_05010_FV2_G (MQ173);86;66;40;34;21;31;33;42;60;72;111;164;181;198;243;247;216;218;181;179;128;98;82;55;
MQ_05010_FV2_R (MQ176);99;72;39;34;19;33;33;35;44;76;117;148;187;193;221;220;229;234;230;207;151;110;80;55;
MQ_03021_FV3_G (MQ177);121;84;45;39;37;44;80;76;110;204;304;345;461;567;553;581;555;653;576;392;333;214;138;65;
MQ_05010_FV3_G (MQ179);6;5;5;4;2;2;16;7;9;25;45;42;87;113;79;124;111;95;58;38;34;29;8;2;
MQ_03070_FV2_G (MQ18);78;45;36;28;32;18;28;24;28;52;78;91;104;137;130;124;121;123;145;117;104;63;61;40;
MQ_03020_FV3_L (MQ180);5;7;5;3;0;3;2;2;7;12;13;17;18;23;33;34;21;28;31;25;15;5;5;2;
MQ_05010_FV3_L (MQ181);3;1;0;0;0;0;3;3;2;10;15;13;21;16;23;26;20;26;18;13;6;3;3;1;
MQ_16130_FV1_G (MQ182);3;3;0;0;2;10;6;3;7;8;11;20;24;15;23;21;18;18;8;16;8;10;6;1;
MQ_03020_FV3_G (MQ183);76;53;42;21;18;55;37;42;123;189;230;283;306;342;377;404;292;293;309;244;214;130;80;51;
MQ_16130_FV1_L (MQ184);14;4;2;6;4;10;8;6;4;16;38;30;56;72;68;59;47;42;40;34;30;30;20;10;
MQ_16130_FV1_R (MQ185);1;1;1;1;1;0;0;0;3;1;8;5;9;12;15;10;6;6;7;6;4;4;2;2;
MQ_16130_FV2_G (MQ186);115;70;50;27;27;33;39;24;40;85;133;157;200;231;249;234;220;244;261;198;171;133;100;54;
MQ_16130_FV2_L (MQ187);53;40;16;22;24;62;29;37;61;58;105;140;180;175;155;185;141;137;153;116;109;54;31;25;
MQ_16130_FV2_R (MQ188);5;0;0;0;1;1;1;1;3;16;23;36;27;35;18;12;15;15;18;15;15;3;6;8;
MQ_16130_FV3_G (MQ189);9;2;2;1;2;5;9;7;13;17;18;18;27;30;45;37;13;18;27;21;19;18;9;7;
MQ_03290_FV5_R (MQ19);45;31;26;22;10;8;8;6;5;13;24;29;35;46;59;50;31;41;62;45;32;29;18;11;
MQ_16130_FV3_L (MQ190);2;2;0;0;1;0;2;1;4;2;3;10;15;13;6;6;8;10;9;4;6;9;4;1;
MQ_16130_FV3_R (MQ191);26;24;16;15;12;17;29;27;37;67;82;125;123;138;197;159;170;183;152;124;107;76;34;15;
MQ_16130_FV4_G (MQ192);68;60;45;24;33;27;42;36;68;268;367;389;361;239;253;207;218;237;261;175;135;83;70;42;
MQ_16130_FV4_L (MQ193);2;3;0;0;0;0;0;0;2;2;13;10;4;4;10;10;7;5;4;3;3;2;1;0;
MQ_16130_FV4_R (MQ194);3;1;4;0;1;4;3;2;2;1;18;17;16;17;13;22;12;11;7;6;5;3;2;1;
MQ_03040_FV1_G (MQ195);101;59;36;30;19;34;72;72;139;223;322;348;405;543;520;502;467;442;421;323;284;183;117;53;
MQ_03040_FV1_L (MQ196);2;0;3;0;0;0;5;2;0;5;5;6;5;8;10;10;6;11;7;6;7;1;2;1;
MQ_03040_FV1_R (MQ197);0;0;0;1;0;0;0;1;4;3;8;6;6;9;6;5;5;1;4;5;2;1;1;0;
MQ_03040_FV2_G (MQ198);2;3;2;0;1;1;2;1;2;3;9;7;8;8;12;14;15;21;14;8;6;4;4;3;
MQ_03040_FV2_L (MQ199);2;3;2;0;1;1;2;1;2;3;9;7;8;8;12;14;15;21;14;8;6;4;4;3;
MQ_03070_FV1_G (MQ2);57;34;21;14;15;39;38;55;98;167;242;231;265;299;298;318;265;271;257;201;161;112;58;24;
MQ_03070_FV2_L (MQ20);10;6;3;4;0;1;4;2;13;22;17;29;37;46;38;52;38;43;30;27;28;15;11;3;
MQ_08054_FV1_R (MQ200);2;1;0;1;1;3;2;3;4;8;7;15;15;15;13;17;14;12;7;7;8;3;3;4;
MQ_08054_FV1_G (MQ201);262;205;110;100;66;86;68;64;109;202;264;526;597;670;719;670;567;603;570;491;419;336;190;115;
MQ_03040_FV2_R (MQ202);2;3;2;0;1;1;2;1;2;3;9;7;8;8;12;14;15;21;14;8;6;4;4;3;
MQ_08054_FV2_R (MQ203);1;0;0;0;0;0;0;0;0;0;1;4;7;1;3;10;2;4;3;1;2;1;0;0;
MQ_08054_FV2_L (MQ204);0;4;0;0;0;0;0;0;2;2;1;6;9;6;9;8;5;6;2;3;1;1;0;1;
MQ_03040_FV3_G (MQ205);91;71;36;17;25;69;52;39;104;205;248;327;390;406;486;536;462;495;488;296;252;152;93;64;
MQ_03040_FV3_L (MQ206);2;0;1;0;0;1;0;1;7;2;3;4;4;2;9;8;1;7;5;2;1;3;3;2;
MQ_03040_FV3_R (MQ207);5;4;2;1;2;2;3;2;5;11;15;16;17;18;22;25;25;25;23;15;14;9;6;4;
MQ_08054_FV3_G (MQ208);167;116;79;66;60;81;100;106;179;393;555;620;601;619;660;585;576;593;569;395;305;179;128;75;
MQ_08054_FV3_L (MQ209);0;1;0;0;1;0;0;1;2;0;0;3;7;1;1;3;3;0;1;0;2;0;0;0;
MQ_03020_FV4_G (MQ21);17;11;11;5;2;7;16;11;26;59;62;69;58;70;76;79;80;90;68;69;44;21;19;13;
MQ_08060_FV1_R (MQ210);;;;;;;;;;;;;;;;;;;;;;;;;
MQ_03040_FV4_G (MQ211);1;1;1;0;0;0;0;0;3;3;5;4;7;10;11;7;16;4;5;4;2;3;1;0;
MQ_08060_FV1_G (MQ212);238;188;97;91;56;73;62;53;98;190;234;456;503;593;637;586;505;538;513;439;378;302;176;102;
MQ_03040_FV4_L (MQ213);1;1;1;0;0;0;0;0;3;3;5;4;7;10;11;7;16;4;5;4;2;3;1;0;
MQ_08060_FV1_L (MQ214);8;1;1;1;1;2;1;1;5;4;14;41;51;45;44;51;28;41;27;17;17;9;3;1;
MQ_03040_FV4_R (MQ215);1;1;1;0;0;0;0;0;3;3;5;4;7;10;11;7;16;4;5;4;2;3;1;0;
MQ_03050_FV1_G (MQ216);89;61;38;30;20;51;73;80;142;231;335;359;396;504;498;501;422;447;419;317;292;184;113;51;
MQ_03050_FV1_L (MQ217);17;10;9;7;5;11;19;9;36;61;80;84;74;85;101;85;89;80;73;59;35;27;21;12;
MQ_02010_FV3_L (MQ218);3;3;1;2;1;1;1;1;2;3;5;6;7;8;8;9;9;10;9;8;7;4;3;2;
MQ_08060_FV2_G (MQ219);8;5;6;4;1;3;3;8;10;16;41;61;50;55;53;52;46;44;44;31;29;13;9;3;
MQ_03020_FV4_R (MQ22);6;4;4;2;1;2;5;4;9;20;21;23;19;23;25;26;27;30;23;23;15;7;6;4;
MQ_08060_FV2_L (MQ220);71;51;31;28;15;19;22;14;18;34;40;52;57;77;82;71;55;66;63;67;56;80;49;31;
MQ_03050_FV1_R (MQ221);7;6;2;0;3;17;9;6;18;18;28;27;44;30;29;49;26;35;36;28;27;11;5;1;
MQ_03050_FV2_G (MQ222);67;50;18;18;21;24;12;20;39;53;66;109;154;169;136;179;158;179;188;129;108;82;38;35;
MQ_03050_FV2_L (MQ223);77;51;24;20;23;24;17;21;48;61;76;115;178;201;158;202;183;191;201;136;109;84;44;37;
MQ_08060_FV3_R (MQ224);15;5;8;2;1;3;5;4;13;34;26;50;47;55;74;66;59;66;55;44;25;12;14;4;
MQ_08060_FV3_G (MQ225);152;104;73;57;51;70;97;94;165;364;492;536;535;531;597;522;525;530;511;357;265;161;117;61;
MQ_03050_FV2_R (MQ226);43;33;11;12;7;18;10;10;24;26;40;57;89;97;83;98;86;109;120;71;56;50;25;20;
MQ_08060_FV3_L (MQ227);21;11;8;3;8;9;10;9;29;40;84;76;88;88;82;89;87;105;73;74;46;33;28;17;
MQ_03050_FV3_G (MQ228);83;66;37;16;24;59;39;30;79;187;217;280;356;359;396;461;397;428;456;264;235;139;89;60;
MQ_03050_FV3_L (MQ229);6;2;3;0;2;9;8;5;6;9;11;22;25;28;31;26;15;22;15;21;15;12;7;5;
MQ_03020_FV3_R (MQ23);4;3;2;1;1;2;2;2;5;8;11;13;13;15;16;18;12;12;13;9;10;6;4;3;
MQ_03050_FV3_R (MQ230);10;7;3;4;3;3;7;1;13;30;38;34;41;39;62;73;75;66;35;23;16;10;5;5;
MQ_03050_FV4_G (MQ231);6;7;5;6;8;8;17;4;17;29;38;49;47;49;57;63;66;70;63;41;31;33;16;7;
MQ_03050_FV4_L (MQ232);4;2;2;3;3;2;10;1;5;13;21;25;31;34;31;45;36;49;26;30;19;22;9;5;
MQ_08060_FV4_R (MQ234);31;19;8;8;4;12;11;14;19;36;58;54;87;104;101;101;99;115;95;82;60;42;31;18;
MQ_08060_FV4_G (MQ235);7;7;8;8;5;1;10;5;12;24;34;35;64;60;57;130;306;209;83;43;27;38;12;3;
MQ_08060_FV4_L (MQ237);6;5;3;2;5;5;3;4;6;13;21;27;22;31;30;21;25;27;29;17;13;6;1;2;
MQ_03130_FV1_G (MQ238);156;88;78;46;40;76;74;90;144;285;375;491;550;635;725;677;620;691;696;579;429;245;178;93;
MQ_03130_FV1_L (MQ239);2;3;1;1;0;4;4;5;6;15;14;22;23;54;42;33;37;34;28;33;17;11;8;0;
MQ_08020_FV1_L (MQ24);150;170;94;110;119;83;84;33;44;63;86;63;95;89;87;86;77;80;98;114;70;75;30;29;
MQ_03130_FV1_R (MQ240);15;9;8;6;4;7;6;8;12;28;34;41;46;51;56;52;49;54;53;48;39;21;16;9;
MQ_03130_FV2_G (MQ241);3;3;2;2;1;2;3;3;7;7;13;15;17;15;19;19;21;24;20;16;12;8;5;1;
MQ_03130_FV2_L (MQ242);5;5;3;3;1;4;5;4;10;11;20;24;26;23;29;29;32;37;31;25;18;13;8;2;
MQ_03130_FV2_R (MQ243);1;1;1;1;0;1;1;1;3;3;5;6;6;6;7;7;8;9;8;6;4;3;2;0;
MQ_06160_FV1_R (MQ244);5;4;2;2;1;1;1;1;4;5;7;10;10;12;14;13;12;13;12;9;8;4;3;2;
MQ_03130_FV3_G (MQ245);195;150;103;86;69;116;133;115;223;332;477;549;656;742;741;705;619;717;769;553;425;356;193;101;
MQ_03130_FV3_L (MQ246);33;23;12;12;13;31;18;18;31;62;106;131;127;143;139;123;120;144;170;90;97;68;35;19;
MQ_03130_FV3_R (MQ247);5;4;3;2;2;3;4;3;7;9;13;14;17;20;19;18;17;19;21;15;11;10;5;2;
MQ_03130_FV4_G (MQ248);4;5;3;4;2;1;2;2;8;8;13;14;19;13;20;17;19;17;18;15;11;4;4;3;
MQ_03130_FV4_L (MQ249);329;356;366;395;342;411;401;429;404;423;396;447;308;398;398;438;386;261;263;371;365;362;418;438;
MQ_08020_FV1_G (MQ25);361;275;157;167;159;152;118;113;145;274;612;483;558;569;636;518;509;486;518;462;371;290;192;110;
MQ_03130_FV4_R (MQ250);13;14;8;11;4;3;5;7;24;25;38;42;55;38;61;52;57;52;53;46;34;11;10;7;
MQ_03150_FV1_G (MQ251);180;110;86;61;50;87;97;94;165;307;420;511;594;653;793;686;653;740;774;618;448;286;182;100;
MQ_06161_FV1_R (MQ252);51;34;24;18;13;9;22;23;49;93;121;159;175;211;248;210;204;192;211;156;115;59;35;25;
MQ_08070_FV1_G (MQ253);283;213;107;98;60;84;81;69;121;243;322;537;625;734;789;720;638;690;640;562;465;366;207;118;
MQ_03150_FV1_L (MQ254);12;7;11;7;3;4;11;12;13;31;60;92;99;107;103;91;79;101;77;77;49;30;15;9;
MQ_03150_FV1_R (MQ255);6;4;3;2;1;3;3;3;5;9;13;14;19;18;22;19;18;21;23;18;14;8;6;3;
MQ_08070_FV2_R (MQ256);7;3;11;3;1;1;2;3;4;13;32;31;20;16;20;19;25;14;22;6;14;5;7;6;
MQ_08070_FV2_L (MQ257);5;2;3;2;1;0;4;5;11;16;11;12;11;16;12;17;6;5;24;18;18;6;5;2;
MQ_03150_FV2_G (MQ258);22;61;48;12;10;84;166;16;66;80;58;48;103;229;96;102;136;130;123;73;74;44;18;259;
MQ_03150_FV2_L (MQ259);112;111;42;116;66;94;116;55;80;167;133;172;241;252;220;285;303;215;242;183;138;43;107;27;
MQ_08052_FV1_G (MQ26);252;199;102;94;62;84;67;54;103;212;310;507;553;628;681;601;524;554;543;467;404;322;186;109;
MQ_08070_FV3_G (MQ260);181;113;78;57;59;81;109;104;201;424;585;633;652;653;741;648;652;671;630;465;317;198;149;77;
MQ_03150_FV2_R (MQ261);9;26;21;5;4;36;71;7;28;34;25;20;44;98;41;44;58;56;53;31;32;19;8;111;
MQ_08070_FV3_L (MQ262);0;1;5;1;3;2;1;0;12;20;11;14;22;19;18;19;5;16;22;13;17;8;6;2;
MQ_03150_FV3_G (MQ263);86;84;60;62;38;60;65;66;104;202;288;355;413;474;523;474;415;468;504;376;283;216;114;61;
MQ_03150_FV3_L (MQ264);143;118;80;69;45;77;84;66;130;203;267;348;404;442;484;417;379;433;417;316;279;199;111;70;
MQ_03150_FV3_R (MQ265);3;6;4;4;2;3;4;3;5;11;14;14;23;21;25;24;18;24;27;22;14;10;4;4;
MQ_08080_FV1_G (MQ266);257;188;103;97;56;77;70;65;121;232;306;508;602;677;723;675;572;646;596;513;427;326;196;113;
MQ_08080_FV1_R (MQ267);1;1;0;0;0;0;0;0;0;1;1;2;2;3;3;3;2;3;2;2;2;1;1;0;
MQ_08080_FV1_L (MQ268);24;19;4;2;5;7;6;6;9;16;17;38;37;64;61;53;49;45;55;51;38;33;11;3;
MQ_06161_FV2_R (MQ269);28;15;5;7;8;8;7;7;11;23;34;33;78;60;86;53;87;75;88;76;70;30;14;7;
MQ_08020_FV2_R (MQ27);59;42;33;34;26;19;10;8;4;9;15;18;25;23;42;37;31;23;40;23;20;14;12;5;
MQ_06161_FV2_L (MQ270);79;55;36;33;30;49;27;34;89;151;215;184;216;224;244;267;243;258;296;237;179;123;71;25;
MQ_03150_FV4_G (MQ271);28;17;12;17;7;8;4;8;14;24;29;39;45;46;56;58;49;52;54;48;49;31;18;13;
MQ_08080_FV2_R (MQ272);6;5;4;1;3;5;5;8;21;38;38;51;50;44;38;51;38;44;43;35;19;11;8;5;
MQ_08080_FV2_L (MQ273);2;1;1;0;1;1;1;2;6;10;10;14;13;12;10;14;10;12;11;9;5;3;2;1;
MQ_08080_FV2_G (MQ274);0;0;0;0;0;0;0;1;1;3;3;3;3;3;3;3;3;3;3;2;1;1;1;0;
MQ_08080_FV3_R (MQ275);5;5;3;0;0;4;1;5;13;17;14;18;27;28;15;23;22;39;22;24;11;12;6;3;
MQ_08080_FV3_G (MQ276);177;106;82;58;60;74;102;96;187;397;547;593;614;617;715;609;621;635;598;434;315;194;148;75;
MQ_03150_FV4_L (MQ277);36;24;23;22;15;11;7;14;23;37;29;45;64;58;66;66;44;69;76;57;66;48;20;20;
MQ_08080_FV3_L (MQ278);6;2;3;1;0;0;1;4;6;15;15;24;8;12;13;13;20;14;14;14;8;3;2;3;
MQ_03150_FV4_R (MQ279);26;16;11;15;7;7;4;8;12;22;27;35;41;43;51;54;45;48;49;44;45;29;17;12;
MQ_08020_FV2_L (MQ28);64;70;43;57;37;43;26;19;16;24;43;45;61;65;95;51;67;60;73;71;59;52;38;17;
MQ_03170_FV1_G (MQ280);105;63;48;41;24;34;36;46;61;150;192;227;285;309;348;290;269;330;331;277;195;130;78;48;
MQ_06161_FV3_G (MQ281);58;56;25;30;28;16;18;26;34;99;94;163;172;231;164;184;177;208;205;181;102;76;54;24;
MQ_08080_FV4_G (MQ282);2;2;1;1;1;1;2;3;4;8;9;13;10;9;10;12;10;11;11;11;6;4;2;1;
MQ_08080_FV4_R (MQ283);1;1;0;0;0;1;1;2;2;5;5;6;5;4;5;5;5;5;5;5;3;1;1;0;
MQ_08080_FV4_L (MQ284);4;4;3;2;2;2;4;7;9;18;21;30;23;20;23;26;22;25;26;24;14;8;4;2;
MQ_03170_FV1_L (MQ285);62;47;33;18;20;38;39;43;77;138;202;249;281;329;393;319;308;347;341;259;183;107;72;40;
MQ_03170_FV1_R (MQ286);2;1;1;0;1;0;1;1;1;2;3;4;4;5;5;5;4;6;5;4;3;2;1;1;
MQ_06161_FV1_L (MQ287);29;24;14;15;9;13;10;19;25;45;38;77;74;85;98;89;87;92;98;78;37;41;28;16;
MQ_03170_FV2_G (MQ288);6;3;2;4;5;5;3;4;8;15;21;23;18;24;21;27;16;24;31;19;9;13;10;2;
MQ_03170_FV2_L (MQ289);23;20;11;10;12;19;17;24;36;53;62;81;79;97;94;106;76;100;113;78;42;48;28;16;
MQ_08052_FV1_R (MQ29);0;0;0;0;0;1;0;1;0;0;6;7;12;10;15;5;2;6;1;1;0;1;1;0;
MQ_03170_FV2_R (MQ290);6;3;2;4;4;5;2;4;8;15;21;23;17;23;20;26;16;24;30;18;9;13;10;2;
MQ_03170_FV3_G (MQ291);84;70;48;37;32;37;45;39;75;131;195;247;277;282;304;312;275;297;265;213;190;133;82;37;
MQ_03170_FV3_L (MQ292);55;54;25;27;21;29;23;24;50;101;132;179;210;246;275;244;208;255;275;208;164;109;59;34;
MQ_08090_FV1_G (MQ293);201;155;75;80;40;53;57;55;98;179;251;377;463;536;561;497;435;486;441;382;318;250;146;83;
MQ_03170_FV3_R (MQ294);1;1;0;0;0;1;0;0;0;1;1;2;2;2;3;3;2;2;2;2;1;1;1;0;
MQ_03170_FV4_G (MQ295);9;11;12;8;7;9;5;8;13;15;19;27;29;39;37;41;32;35;41;30;25;13;6;6;
MQ_03170_FV4_L (MQ296);40;43;22;24;15;13;14;10;25;33;47;73;88;97;124;110;93;100;121;100;75;47;25;18;
MQ_08090_FV1_L (MQ297);63;38;30;21;17;24;16;17;33;74;75;156;162;158;172;192;161;181;171;141;123;86;53;32;
MQ_03170_FV4_R (MQ298);1;1;1;1;1;1;0;1;1;1;2;2;2;3;3;3;3;3;3;2;2;1;1;1;
MQ_08090_FV2_R (MQ299);48;37;33;17;20;19;27;37;56;129;153;193;170;174;191;191;172;186;167;116;98;50;40;15;
MQ_03290_FV12_G (MQ3);103;85;61;62;56;61;55;42;55;91;105;161;160;188;215;212;187;202;206;157;121;95;79;31;
MQ_06160_FV2_G (MQ30);3;3;2;2;2;3;2;3;4;8;10;10;13;15;16;16;13;15;17;11;10;6;5;2;
MQ_08090_FV2_L (MQ300);10;8;4;3;1;2;9;5;11;19;22;42;24;34;22;36;31;29;29;32;20;12;4;6;
MQ_08063_FV1_G (MQ301);11;20;8;9;2;7;6;13;14;40;70;60;80;88;83;74;77;98;74;48;32;25;12;17;
MQ_08063_FV1_L (MQ302);1;3;3;2;0;1;3;0;4;15;13;9;7;13;5;10;16;16;20;11;12;10;4;3;
MQ_08090_FV3_G (MQ303);115;67;46;39;37;56;65;60;86;187;314;354;396;397;478;384;414;423;406;282;195;130;97;52;
MQ_08063_FV2_L (MQ304);18;8;5;5;9;8;8;12;17;48;106;131;116;137;122;113;93;85;78;65;48;29;22;10;
MQ_08063_FV2_R (MQ305);2;1;1;1;1;1;1;1;2;5;11;13;11;14;12;11;9;9;8;7;5;3;2;1;
MQ_08063_FV3_G (MQ306);44;37;29;16;14;11;9;12;28;49;83;131;176;203;163;172;140;137;125;106;77;44;45;27;
MQ_08090_FV3_R (MQ307);6;8;2;3;4;1;3;12;37;73;52;47;33;55;57;56;44;47;55;52;43;20;7;5;
MQ_08063_FV3_R (MQ308);14;12;9;5;5;3;3;4;9;15;26;41;56;64;51;54;44;43;39;33;24;14;15;9;
MQ_08062_FV1_G (MQ309);24;25;14;10;13;14;15;24;28;86;157;175;183;219;177;169;158;155;125;105;76;51;33;24;
MQ_08020_FV3_G (MQ31);250;239;148;147;148;153;126;101;153;257;320;414;452;583;667;600;500;566;516;391;299;242;208;93;
MQ_08062_FV1_L (MQ310);13;8;1;3;0;2;0;2;1;10;23;14;20;16;25;14;14;28;25;26;16;14;8;8;
MQ_08062_FV2_L (MQ311);18;18;9;4;6;3;7;8;6;14;134;37;48;46;54;44;32;40;35;36;23;23;16;9;
MQ_08062_FV2_R (MQ312);15;15;8;3;5;2;5;7;4;12;106;29;37;36;42;34;25;31;27;28;18;19;13;7;
MQ_08062_FV3_G (MQ313);25;21;19;11;10;13;11;17;26;42;76;119;142;150;137;141;112;111;83;73;49;30;27;17;
MQ_08062_FV3_R (MQ314);25;21;19;11;10;13;11;17;26;42;76;119;142;150;137;141;112;111;83;73;49;30;27;17;
MQ_08061_FV1_G (MQ315);25;16;15;11;8;13;11;18;27;56;106;119;130;134;137;167;127;137;130;104;67;37;37;15;
MQ_08100_FV1_R (MQ316);0;1;0;0;0;1;9;1;2;0;0;1;1;2;4;1;0;4;8;1;1;2;1;1;
MQ_08100_FV1_G (MQ317);213;159;77;83;41;52;55;63;116;199;269;413;483;562;578;530;466;502;461;414;335;258;148;88;
MQ_08061_FV1_L (MQ318);6;4;2;3;6;2;4;1;6;7;9;9;12;12;15;16;11;11;11;6;12;10;4;1;
MQ_08061_FV1_R (MQ319);7;5;4;3;3;3;3;4;7;14;26;29;33;34;35;42;32;34;32;25;18;11;9;4;
MQ_08052_FV2_R (MQ32);1;0;0;0;0;0;0;0;0;0;0;0;2;5;10;8;5;2;2;0;0;0;0;1;
MQ_08061_FV2_G (MQ320);4;5;4;7;3;2;0;1;3;2;8;6;16;12;11;8;6;7;2;7;6;0;4;0;
MQ_08061_FV2_L (MQ321);11;12;12;8;6;3;7;5;9;15;20;15;25;35;26;23;23;33;20;25;10;11;13;7;
MQ_06170_FV1_G (MQ322);173;110;62;52;33;41;51;54;111;198;256;421;392;475;535;496;466;467;484;343;289;194;104;72;
MQ_08100_FV3_G (MQ323);120;74;45;41;41;58;62;65;112;254;366;398;427;451;534;435;454;469;455;331;237;151;96;66;
MQ_08061_FV2_R (MQ324);4;4;4;4;2;1;2;2;3;4;7;5;10;12;9;8;7;10;6;8;4;3;4;2;
MQ_08100_FV3_L (MQ325);1;0;0;1;0;1;2;1;1;0;0;0;0;1;0;1;0;0;3;2;0;1;1;1;
MQ_08061_FV3_L (MQ327);7;4;2;1;6;3;6;11;11;32;82;113;101;110;77;52;25;16;5;7;9;6;7;3;
MQ_08061_FV3_R (MQ328);9;8;4;3;4;5;5;7;7;22;44;52;59;66;55;52;43;42;33;31;20;15;12;6;
MQ_08061_FV4_G (MQ329);5;3;1;1;2;1;2;4;2;3;9;12;8;11;12;13;3;10;5;3;3;1;2;1;
MQ_08052_FV2_L (MQ33);2;0;0;0;0;1;0;0;0;0;0;2;3;7;14;13;8;1;5;0;0;1;2;2;
MQ_08061_FV4_L (MQ330);1;0;1;1;0;2;3;2;6;3;7;5;19;9;19;8;11;5;8;0;3;0;2;2;
MQ_08061_FV4_R (MQ331);7;3;2;2;2;3;6;7;9;7;18;20;31;23;36;24;16;17;15;3;7;1;5;3;
MQ_08065_FV1_G (MQ332);1;0;0;1;1;1;3;1;3;5;7;10;12;12;10;70;148;71;89;6;64;104;28;2;
MQ_08110_FV1_G (MQ333);208;155;75;83;39;52;51;59;111;186;252;389;456;532;552;500;437;475;431;387;320;256;144;86;
MQ_08065_FV2_L (MQ334);1;0;0;1;1;1;2;1;2;3;2;7;4;9;11;8;11;4;3;4;4;1;3;1;
MQ_08110_FV1_L (MQ335);6;6;5;2;2;2;2;6;17;24;22;27;41;42;42;42;38;42;38;43;24;14;9;6;
MQ_08065_FV2_R (MQ336);0;0;0;0;0;0;0;1;1;2;4;5;8;6;0;1;3;3;3;1;0;1;1;1;
MQ_08065_FV3_L (MQ337);0;1;0;0;0;0;1;1;1;0;1;4;9;2;6;6;3;3;0;2;2;0;1;0;
MQ_06170_FV2_R (MQ339);15;4;4;0;2;0;4;4;11;17;26;45;39;45;41;56;51;37;41;38;23;15;5;4;
MQ_08052_FV3_G (MQ34);169;116;79;66;60;73;93;99;176;381;507;604;634;630;681;626;600;585;562;387;305;177;124;68;
MQ_08110_FV3_R (MQ341);2;1;0;2;1;1;3;5;17;29;31;18;18;23;22;24;19;22;24;17;16;8;2;4;
MQ_08110_FV3_G (MQ342);118;75;42;41;42;57;62;66;138;277;383;401;421;456;536;440;454;475;456;344;242;147;101;55;
MQ_08052_FV3_L (MQ35);0;1;0;0;0;0;0;1;0;1;5;6;4;10;7;3;3;1;5;0;0;0;0;0;
MQ_08120_FV1_R (MQ350);10;5;21;22;17;30;19;1;2;4;5;8;7;12;1;8;7;11;10;5;14;26;21;9;
MQ_08120_FV1_G (MQ351);181;140;48;56;21;18;28;56;93;160;211;359;403;452;497;435;405;417;395;335;281;198;114;71;
MQ_08120_FV1_L (MQ352);15;7;2;5;1;6;3;2;13;21;40;25;35;63;40;40;30;32;25;38;20;19;6;4;
MQ_08120_FV2_G (MQ354);2;0;0;0;0;0;0;0;2;3;6;4;5;5;5;3;6;6;6;4;3;3;1;1;
MQ_08120_FV2_R (MQ355);;;;;;;;;;;;;;;;;;;;;;;;;
MQ_08120_FV2_L (MQ356);7;2;1;2;0;1;0;0;6;13;25;17;18;22;19;14;22;24;24;16;13;13;3;2;
MQ_06170_FV3_G (MQ357);134;100;69;46;52;48;59;50;113;233;341;382;423;466;489;524;468;546;536;378;301;188;100;35;
MQ_06170_FV5_G (MQ358);132;97;69;43;50;47;56;49;109;225;335;362;435;460;483;526;470;538;539;384;304;181;95;35;
MQ_08120_FV3_G (MQ359);100;64;40;34;40;51;56;61;124;250;350;362;372;423;473;406;401;437;424;332;222;137;94;47;
MQ_03020_FV1L (MQ36);8;6;3;3;4;3;12;4;20;29;36;35;54;42;56;73;79;71;71;48;36;24;13;0;
MQ_08120_FV3_R (MQ360);5;3;2;2;2;2;2;3;6;12;16;17;16;20;21;18;19;20;20;15;11;7;5;2;
MQ_06170_FV5_R (MQ361);5;4;3;2;2;1;2;2;4;7;11;13;15;15;16;17;15;18;18;13;10;7;4;2;
MQ_08120_FV4_G (MQ362);0;0;0;0;0;0;0;0;0;0;1;1;1;1;1;1;1;1;0;1;0;0;1;0;
MQ_08120_FV4_R (MQ363);1;1;0;0;0;0;0;0;0;1;3;3;4;6;3;4;5;2;1;2;2;1;2;1;
MQ_08120_FV4_L (MQ364);1;1;0;0;0;0;0;0;0;1;3;3;4;6;3;4;5;2;1;2;2;1;2;1;
MQ_01090_16_DRad3 (MQ365);197;138;71;93;60;48;17;15;14;37;81;80;74;118;112;144;164;231;177;197;129;81;98;54;
MQ_01090_15_DRad1 (MQ368);109;70;19;23;9;6;24;19;45;96;138;151;104;151;202;215;198;206;146;161;104;52;45;42;
MQ_03023_FV2_G (MQ37);68;55;39;21;15;54;31;43;103;167;198;240;287;314;358;367;272;274;298;216;206;129;75;43;
MQ_08130_FV1_R (MQ371);27;20;9;3;4;7;3;8;20;36;30;42;46;47;50;48;42;69;61;41;37;23;17;8;
MQ_08130_FV1_G (MQ372);169;133;63;74;35;45;41;52;84;138;190;341;383;432;464;414;401;382;375;309;274;211;124;77;
MQ_06170_FV6_R (MQ374);9;4;8;1;3;1;4;5;16;22;30;41;43;41;39;43;32;45;44;44;22;21;9;5;
MQ_08130_FV3_G (MQ375);92;61;36;36;39;49;47;56;109;215;321;333;341;400;445;394;388;412;388;309;209;121;90;44;
MQ_08130_FV3_L (MQ377);5;1;1;3;0;0;0;0;2;8;11;13;23;14;24;19;21;26;36;22;22;13;7;2;
MQ_08053_FV1_G (MQ38);254;195;103;95;64;79;65;58;102;206;269;460;531;595;666;608;527;571;552;470;409;323;182;107;
MQ_08140_FV1_G (MQ385);93;59;36;41;37;49;44;53;109;217;320;344;356;410;460;403;409;439;418;320;222;117;89;38;
MQ_08140_FV2_G (MQ386);174;131;63;75;35;43;41;52;82;146;198;339;384;435;474;429;418;400;389;304;276;210;124;72;
MQ_08053_FV1_R (MQ39);1;3;0;0;1;2;2;1;1;7;51;67;56;52;33;27;9;4;2;1;5;3;2;2;
MQ_29100_FV1_G (MQ392);;;;;;;;;;;;;;;;;;;;;;;;;
MQ_29100_FV2_G (MQ393);163;117;56;68;32;41;41;54;73;137;179;326;351;405;448;393;381;361;344;282;243;191;109;66;
MQ_29110_FV1_G (MQ398);141;80;67;62;68;67;69;81;164;322;481;547;562;670;763;626;625;693;655;495;339;173;144;58;
MQ_29110_FV2_G (MQ399);;;;;;;;;;;;;;;;;;;;;;;;;
MQ_03290_FV12_L (MQ4);133;140;75;78;80;68;43;38;66;114;160;164;210;293;351;284;219;252;213;152;118;97;89;45;
MQ_08053_FV2_R (MQ40);3;2;0;1;0;0;1;3;4;5;9;84;86;88;64;67;42;18;7;2;5;2;2;1;
MQ_29120_FV1_G (MQ402);131;101;45;55;28;35;31;44;59;115;147;269;290;328;359;339;308;298;281;225;185;153;85;56;
MQ_29120_FV1_L (MQ403);29;22;10;12;6;7;7;9;13;25;32;59;64;72;79;74;67;65;62;49;41;33;19;12;
MQ_29120_FV2_R (MQ404);9;4;3;5;2;7;8;10;15;23;27;25;31;36;36;28;29;28;31;29;26;18;12;10;
MQ_29120_FV2_L (MQ405);5;2;2;2;1;4;4;6;8;13;15;13;16;19;19;15;16;15;16;16;14;9;7;6;
MQ_29120_FV3_G (MQ406);71;45;34;31;37;33;35;33;74;145;230;247;277;322;387;319;335;337;325;246;158;83;63;20;
MQ_06160_FV1_L (MQ407);49;36;20;26;18;11;12;15;21;68;55;100;114;167;122;119;115;135;130;126;77;54;34;22;
MQ_29120_FV3_R (MQ408);3;2;2;1;2;1;2;2;3;6;10;10;12;13;16;13;14;14;14;10;7;4;3;1;
MQ_08053_FV2_L (MQ41);14;7;2;5;2;0;1;4;2;5;15;80;102;87;84;88;45;8;4;6;5;3;3;3;
MQ_08053_FV3_G (MQ42);157;110;78;62;57;75;94;95;177;377;495;530;529;563;609;542;563;580;562;383;298;177;122;68;
MQ_08053_FV3_L (MQ43);4;4;3;1;0;2;5;6;5;17;64;84;83;65;58;41;26;11;15;14;5;4;1;3;
MQ_03290_FV12_R (MQ432);69;56;40;41;37;41;36;28;36;61;70;107;107;125;143;141;125;135;137;105;80;64;52;21;
MQ_03290_FV3_R (MQ433);9;8;5;4;5;6;4;4;5;8;10;9;13;13;15;13;14;14;14;14;12;8;6;3;
MQ_03290_FV3_L (MQ434);49;44;35;29;32;38;19;17;20;21;24;20;20;22;29;36;30;43;52;61;35;42;40;27;
MQ_03290_FV4_R (MQ435);6;5;3;3;3;3;2;2;3;5;5;8;10;11;11;11;11;12;12;13;9;8;5;2;
MQ_08020_FV3_R (MQ436);68;63;52;36;67;41;25;35;43;83;104;91;116;172;135;114;117;140;112;123;71;75;77;44;
MQ_08030_FV2_R (MQ437);84;70;22;52;58;36;44;28;52;102;360;150;100;110;178;120;110;106;66;68;54;66;80;24;
MQ_08031_FV2_G (MQ438);2;1;2;1;0;0;0;0;0;1;2;1;2;4;4;1;1;1;2;1;1;0;1;0;
MQ_08031_FV2_R (MQ439);11;5;11;5;3;2;2;2;2;3;10;4;9;25;24;5;7;6;10;7;6;1;3;3;
MQ_06160_FV1_G (MQ44);108;76;33;41;22;30;26;24;57;97;136;231;199;231;262;257;235;248;246;192;167;103;65;41;
MQ_08031_FV4_G (MQ440);8;7;9;9;9;7;4;3;3;3;3;3;3;30;24;7;7;5;5;4;3;3;1;1;
MQ_08031_FV4_R (MQ441);48;39;49;49;54;41;23;20;19;17;18;14;17;168;134;42;37;31;26;24;17;17;4;6;
MQ_08032_FV2_R (MQ442);1;1;2;1;0;0;1;0;1;4;4;4;1;2;5;8;4;5;4;2;5;1;4;1;
MQ_08032_FV2_L (MQ443);1;1;1;1;0;0;0;0;0;3;3;2;1;1;4;6;3;4;2;1;4;0;2;1;
MQ_08060_FV2_R (MQ448);38;28;19;16;17;17;26;32;41;56;76;80;89;84;76;81;64;66;55;54;55;36;34;31;
MQ_08070_FV1_R (MQ449);2;2;1;1;1;1;1;1;1;2;3;4;5;6;6;6;5;5;5;5;4;3;2;1;
MQ_03070_FV2_R (MQ45);4;3;3;4;1;1;1;4;4;14;8;11;11;11;15;18;16;11;15;8;6;8;6;2;
MQ_08100_FV2_R (MQ450);22;13;13;5;3;8;5;6;24;23;21;24;33;35;28;32;29;33;25;31;23;23;21;12;
MQ_08100_FV2_L (MQ451);16;11;6;6;9;11;18;21;22;35;21;39;35;21;37;19;24;23;19;33;28;20;16;13;
MQ_08110_FV2_R (MQ452);5;1;2;2;2;1;2;2;9;16;20;18;22;22;20;18;19;22;21;16;13;9;5;5;
MQ_08110_FV2_L (MQ453);3;1;1;1;1;0;1;1;5;9;12;11;13;13;12;11;11;13;12;9;7;5;3;3;
MQ_06170_FV2_L (MQ454);26;23;11;9;6;7;6;17;24;52;56;83;72;79;84;101;106;90;91;78;44;38;22;12;
MQ_08130_FV2_R (MQ455);5;4;2;1;1;1;3;3;7;13;13;13;15;13;16;11;13;16;15;12;6;7;4;2;
MQ_08130_FV2_L (MQ456);15;12;5;2;2;4;10;10;22;38;40;38;44;40;47;32;39;48;46;36;19;20;11;5;
MQ_01210_FV5_L (MQ457);26;24;11;14;12;10;9;14;26;40;68;65;89;77;85;86;57;69;85;62;58;49;24;8;
MQ_01160_FV3_G (MQ458);623;2;64;262;83;352;2;275;781;840;629;496;592;612;678;804;816;622;708;484;394;429;562;1230;
MQ_01210_FV2_L (MQ459);18;14;8;8;8;8;7;12;21;37;49;52;59;56;65;68;50;58;62;49;43;29;17;7;
MQ_08030_FV1_R (MQ46);132;113;65;63;69;53;28;36;62;65;209;131;207;158;242;166;174;196;213;236;176;114;92;52;
MQ_01210_FV2_G (MQ460);12;8;5;5;4;6;4;9;19;31;35;39;43;41;47;50;43;46;46;36;29;16;14;5;
MQ_01210_FV2_R (MQ461);39;25;16;15;12;19;14;30;62;99;112;126;141;133;149;162;142;149;151;115;92;52;46;16;
MQ_01210_FV32_G (MQ462);160;109;101;75;47;62;62;91;173;347;436;467;580;586;629;652;572;633;650;516;420;279;177;96;
MQ_01210_FV12_G (MQ463);173;125;77;50;37;35;46;55;113;190;276;382;419;500;562;519;480;501;543;378;322;214;130;95;
MQ_02021_FV2_G (MQ464);202;155;104;78;64;107;102;118;239;322;472;545;667;737;721;681;619;687;755;563;433;374;212;106;
MQ_02021_FV1_G (MQ465);179;111;88;54;44;103;82;102;175;352;459;583;669;778;873;799;727;814;832;736;533;330;219;105;
MQ_02020_FV4_G (MQ466);114;60;50;28;15;61;47;67;122;227;292;376;426;495;574;555;519;576;584;465;381;198;133;67;
MQ_02020_FV3_G (MQ467);110;82;43;44;33;23;33;37;79;114;163;183;205;275;249;275;236;279;249;219;194;123;89;55;
MQ_02020_FV2_G (MQ468);164;130;78;70;56;87;85;93;195;271;400;464;564;646;670;572;518;596;634;478;358;323;176;96;
MQ_02020_FV1_G (MQ469);80;76;52;48;47;40;35;57;96;172;206;246;243;257;333;286;268;315;277;226;172;123;88;49;
MQ_08030_FV1_G (MQ47);357;315;186;209;202;197;124;100;122;245;461;415;454;518;557;454;432;384;418;378;301;278;176;106;
MQ_01051_FV1_G (MQ472);188;136;70;62;44;94;97;129;222;304;469;567;690;730;790;680;652;746;766;571;463;327;192;100;
MQ_01051_FV3_G (MQ473);140;88;82;48;32;64;58;78;152;290;340;420;490;508;600;604;540;596;620;514;428;242;152;100;
MQ_01060_FV1_G (MQ474);121;87;71;51;52;57;63;56;91;209;357;260;319;346;386;347;356;425;415;348;299;215;117;71;
MQ_01061_FV1_G (MQ475);124;90;73;50;54;58;64;57;94;218;374;272;319;360;402;363;369;438;432;368;313;218;121;73;
MQ_01070_FV1_G (MQ476);107;83;60;36;51;54;58;38;75;175;338;239;286;350;357;316;365;414;395;340;288;212;100;56;
MQ_01060_FV3_G (MQ477);201;113;82;73;57;45;49;66;85;159;210;286;307;401;376;393;405;420;397;309;301;201;128;95;
MQ_01061_FV3_G (MQ478);206;115;86;78;56;42;48;63;78;164;200;293;310;399;377;384;393;415;389;294;283;201;129;86;
MQ_01070_FV3_R (MQ479);167;109;69;59;54;30;44;62;103;161;242;265;280;413;371;390;367;446;383;323;279;171;132;64;
MQ_03290_FV4_GRL (MQ48);168;146;83;82;74;70;36;24;50;91;213;175;211;258;283;223;200;178;189;189;154;148;87;51;
MQ_01070_FV3_G (MQ480);206;116;82;84;58;48;50;63;89;164;208;292;290;397;381;387;406;424;395;315;294;199;129;94;
MQ_01080_FV1_G (MQ481);186;156;122;101;86;90;101;97;161;366;544;508;545;582;701;647;624;722;679;566;452;336;202;117;
MQ_01160_FV1_G (MQ482);343;252;135;90;65;86;73;114;143;366;523;612;673;776;853;777;829;900;817;661;558;410;234;149;
MQ_01080_FV3_G (MQ483);308;208;152;139;105;81;79;105;151;264;353;457;465;690;618;639;666;753;695;544;491;318;213;134;
MQ_01090_FV1_G (MQ484);170;145;105;66;77;85;85;97;157;374;553;541;516;571;713;677;599;644;654;539;412;319;191;106;
MQ_01090_FV2_R (MQ485);182;119;127;121;94;69;51;54;56;90;137;168;194;232;245;243;244;265;247;221;196;149;126;61;
MQ_01090_FV31_G (MQ486);306;199;119;100;80;60;82;105;152;284;362;459;464;697;625;632;660;745;763;665;498;316;237;132;
MQ_01110_FV1_G (MQ487);264;214;154;84;96;107;98;121;200;477;639;669;605;703;897;874;804;836;799;652;521;391;239;131;
MQ_01110_FV3_G (MQ488);334;189;119;97;75;71;90;109;170;332;444;618;636;814;802;787;809;889;913;691;560;357;236;154;
MQ_03181_FV3_G (MQ49);133;94;61;66;39;49;50;54;93;168;206;296;358;377;469;389;382;386;414;343;248;180;117;55;
MQ_01190_FV3_G (MQ491);142;92;78;63;38;38;47;72;128;304;353;375;456;445;496;503;464;512;534;417;330;218;138;71;
MQ_01140_FV1_G (MQ492);242;209;123;77;55;86;65;87;134;311;464;489;496;593;747;683;685;727;706;573;470;365;200;105;
MQ_01140_FV2_L (MQ493);123;48;57;36;23;10;22;29;44;96;74;150;161;137;146;127;126;130;159;119;97;59;45;26;
MQ_01190_FV3_L (MQ494);41;24;15;9;7;34;19;38;79;115;144;178;209;210;232;243;178;173;193;140;133;76;47;25;
MQ_01130_FV1_G (MQ495);278;246;151;90;65;108;80;109;151;354;517;533;546;662;829;750;758;809;777;638;510;411;225;128;
MQ_01050_FV4_L (MQ496);36;29;13;7;4;12;10;18;28;57;61;92;110;145;129;168;170;169;154;86;65;55;33;30;
MQ_01025_FV3_G (MQ497);308;203;118;109;72;86;97;121;220;342;435;638;686;844;837;805;825;896;869;652;507;383;221;151;
MQ_01025_FV2_L (MQ498);54;40;17;11;12;11;32;50;48;67;123;125;148;181;182;177;116;206;174;133;123;97;52;35;
MQ_01025_FV1_G (MQ499);194;141;99;65;56;122;100;113;215;410;667;560;664;734;776;825;759;906;906;738;593;410;230;140;
MQ_08050_FV1_G (MQ5);266;200;107;96;70;92;80;63;108;219;321;512;540;614;663;592;523;558;565;495;415;330;192;114;
MQ_03181_FV3_L (MQ50);29;15;10;10;5;10;5;8;8;19;25;29;41;41;57;50;49;62;71;52;53;36;19;7;
MQ_01050_FV1_G (MQ500);126;81;58;44;36;65;50;57;111;208;345;261;312;351;348;359;332;398;391;353;318;217;121;72;
MQ_01050_FV1_L (MQ501);109;67;53;37;27;58;52;52;114;193;288;263;323;358;387;391;367;450;452;373;308;199;115;64;
MQ_01050_FV2_G (MQ502);126;88;64;40;46;116;88;88;116;186;246;258;380;364;394;342;330;360;368;274;292;196;146;86;
MQ_01050_FV3_G (MQ503);212;112;80;90;66;44;30;48;74;146;200;288;308;414;394;374;360;438;380;290;268;210;128;78;
MQ_01050_FV4_G (MQ504);86;48;48;23;27;27;44;40;78;185;196;271;299;353;429;396;377;414;394;304;249;124;93;52;
MQ_01040_FV3_G (MQ505);330;216;122;116;72;97;279;1213;1067;1142;1486;1580;1367;1199;922;889;840;909;888;649;522;410;239;152;
MQ_01040_FV1_G (MQ506);215;141;103;74;56;123;101;99;234;424;667;562;686;765;792;870;770;919;935;754;637;427;240;133;
MQ_01190_FV2_R (MQ507);61;36;23;15;8;22;38;30;57;98;152;202;246;294;315;313;268;310;298;198;145;110;63;29;
MQ_01190_FV1_G (MQ508);221;151;102;76;53;51;50;72;110;198;278;362;417;507;547;507;473;503;541;395;352;242;154;95;
MQ_01030_FV3_G (MQ509);306;203;116;104;72;91;94;127;199;353;436;648;709;842;842;805;781;823;823;604;495;382;216;151;
MQ_03181_FV1_G (MQ51);69;52;22;24;14;21;36;22;55;101;157;170;224;228;263;257;254;253;276;201;183;111;56;17;
MQ_01030_FV1_G (MQ510);203;138;104;71;56;118;108;114;215;410;662;549;674;727;764;814;709;813;829;733;604;413;233;144;
MQ_01190_FV2_L (MQ511);33;9;15;10;5;6;14;18;23;42;74;81;79;108;102;103;110;125;115;86;74;36;20;14;
MQ_01140_FV31_G (MQ512);243;149;97;83;63;60;78;100;152;324;460;544;627;690;731;700;656;676;688;549;474;300;186;101;
MQ_01240_FV3_G (MQ513);113;79;61;48;23;44;38;61;128;267;333;319;425;432;492;497;438;478;517;416;321;232;142;82;
MQ_01240_FV1_G (MQ514);264;113;62;54;31;38;46;78;150;229;309;405;450;487;553;477;486;511;510;347;292;203;130;70;
MQ_01240_FV2_G (MQ515);80;84;50;33;39;27;31;40;49;140;157;236;312;287;357;328;291;306;235;197;173;114;83;37;
MQ_01230_FV3_G (MQ516);;;;;;;;;;;;;;;;;;;;;;;;;
MQ_01230_FV1_G (MQ517);3600;3602;3600;3602;3600;3602;3600;3602;3601;3601;3600;3602;3601;3601;3600;3602;3600;3602;3600;3602;3600;3602;3600;3602;
MQ_01220_FV31_G (MQ518);172;255;426;364;377;225;404;495;409;424;729;659;803;715;642;652;572;644;667;519;412;322;233;283;
MQ_01220_FV1_G (MQ519);233;152;125;116;95;90;123;99;194;320;483;571;759;858;739;718;703;755;777;515;507;272;156;107;
MQ_06160_FV2_L (MQ52);87;66;40;33;26;32;39;50;84;182;201;251;280;326;380;336;316;320;346;249;190;131;68;41;
MQ_01195_FV1_G (MQ520);316;202;135;99;68;71;91;111;185;312;451;601;682;850;879;845;780;844;887;613;529;366;227;132;
MQ_01195_FV3_G (MQ521);172;110;90;65;48;68;65;109;207;421;492;536;639;642;713;724;630;663;713;542;453;288;183;92;
MQ_01200_FV3_G (MQ522);176;113;93;63;50;70;61;103;197;401;465;507;599;620;691;709;616;658;704;554;451;294;183;97;
MQ_01170_FV3_G (MQ523);162;92;87;62;40;42;51;65;129;314;363;396;477;469;521;531;498;547;559;448;343;238;144;74;
MQ_01170_FV1_G (MQ524);273;185;124;95;69;50;58;86;128;234;325;417;475;590;633;581;539;603;610;466;389;292;183;103;
MQ_01161_FV2_G (MQ525);292;239;150;136;118;92;90;102;169;295;420;501;531;663;709;639;603;630;611;540;464;360;217;121;
MQ_01150_FV3_G (MQ526);320;193;140;110;82;90;107;125;231;487;645;778;865;929;984;974;938;947;861;713;629;395;242;132;
MQ_01150_FV1_G (MQ527);346;258;144;93;67;92;74;118;146;368;531;624;685;791;872;788;841;912;917;675;563;425;239;152;
MQ_01130_FV3_G (MQ528);283;161;111;91;77;65;84;106;160;356;508;604;695;779;796;785;762;792;820;610;535;359;220;134;
MQ_01025_FV1_R (MQ529);40;43;18;9;11;31;34;20;37;106;123;153;145;150;168;177;174;185;195;175;157;114;76;27;
MQ_08030_FV2_L (MQ53);129;131;78;72;78;64;31;42;50;79;114;137;119;198;182;186;158;212;203;204;139;128;151;61;
MQ_01025_FV2_R (MQ530);19;7;4;12;3;4;8;11;9;18;35;45;50;65;50;55;47;72;64;39;36;21;17;10;
MQ_01025_FV3_L (MQ531);24;17;8;10;4;11;8;14;8;17;30;37;49;51;56;60;73;76;82;49;53;57;25;31;
MQ_01030_FV1_R (MQ532);6;5;4;3;2;4;3;4;7;11;18;15;17;18;20;20;18;20;20;18;15;11;7;5;
MQ_01030_FV2_L (MQ533);33;19;13;15;6;9;7;9;25;11;17;17;31;42;52;46;68;60;65;64;50;37;31;29;
MQ_01030_FV3_L (MQ534);36;28;14;20;7;13;5;20;21;13;17;27;41;56;51;52;57;70;71;56;53;41;36;14;
MQ_01030_FV2_R (MQ535);26;14;11;11;6;12;8;7;35;12;13;23;30;46;41;47;64;74;67;72;61;46;32;11;
MQ_01050_FV1_R (MQ536);20;15;10;7;4;21;11;16;40;65;113;101;115;117;110;137;125;100;117;88;60;67;36;9;
MQ_01050_FV2_L (MQ537);2;4;0;2;0;0;2;3;4;8;9;7;13;13;15;11;13;17;12;13;7;8;5;4;
MQ_01050_FV2_R (MQ538);89;73;37;35;13;41;42;60;101;146;199;267;305;327;353;281;279;333;358;263;192;157;88;40;
MQ_01050_FV3_L (MQ539);7;7;4;3;5;2;3;1;11;13;20;24;24;30;29;26;30;29;25;30;24;15;18;11;
MQ_03070_FV3_G (MQ54);71;52;31;12;17;17;28;19;52;140;136;212;283;314;332;397;347;400;373;216;192;114;70;55;
MQ_01050_FV3_R (MQ540);7;4;5;2;5;1;0;2;3;8;13;21;15;13;14;23;17;13;16;8;13;7;3;6;
MQ_01050_FV4_R (MQ541);6;3;3;2;2;1;3;2;5;12;12;17;18;21;25;20;23;23;22;18;15;7;5;3;
MQ_01051_FV1_R (MQ542);4;3;2;1;1;2;2;3;4;7;9;11;14;14;15;12;13;14;15;11;9;7;4;2;
MQ_01060_FV1_R (MQ543);5;3;3;3;2;2;3;3;4;9;13;10;13;12;15;14;12;15;16;13;11;8;5;3;
MQ_01060_FV2_L (MQ544);;;;;;;;;;;;;;;;;;;;;;;;;
MQ_01060_FV2_R (MQ545);;;;;;;;;;;;;;;;;;;;;;;;;
MQ_01060_FV3_L (MQ546);3;1;1;1;1;1;0;1;1;2;3;4;4;6;6;6;6;7;6;5;4;3;2;1;
MQ_01061_FV1_L (MQ547);4;2;0;0;2;0;1;1;7;10;25;21;16;12;15;21;19;20;18;16;14;6;8;3;
MQ_01061_FV2_L (MQ548);2;4;1;5;6;0;3;0;5;9;28;17;22;19;21;14;23;21;12;10;14;10;7;1;
MQ_01061_FV2_R (MQ549);5;4;0;0;2;2;2;4;11;13;26;36;34;34;37;23;23;31;29;24;17;10;7;5;
MQ_03070_FV3_L (MQ55);57;42;16;16;12;104;21;21;45;74;114;152;182;173;173;194;160;178;193;134;123;80;47;32;
MQ_01061_FV3_R (MQ550);7;4;4;3;2;2;3;3;3;7;8;11;11;14;13;13;16;13;14;10;11;7;5;4;
MQ_01070_FV1_R (MQ551);7;5;4;2;3;4;4;2;5;11;22;15;18;22;23;20;23;26;25;22;18;14;7;4;
MQ_01070_FV2_G (MQ552);;;;;;;;;;;;;;;;;;;;;;;;;
MQ_01070_FV2_R (MQ553);;;;;;;;;;;;;;;;;;;;;;;;;
MQ_01080_FV1_L (MQ554);9;7;6;4;4;1;2;1;8;9;18;17;17;29;26;14;24;21;27;30;30;21;13;8;
MQ_01080_FV1_R (MQ555);9;7;6;4;3;4;5;5;8;19;26;25;25;27;34;33;30;33;29;26;20;14;10;6;
MQ_01080_FV2_G (MQ556);13;13;6;4;3;5;8;11;16;17;28;29;31;30;40;37;40;36;42;33;34;21;11;8;
MQ_01080_FV2_L (MQ557);21;26;16;6;13;14;6;18;28;28;59;61;63;74;77;67;65;70;62;68;44;35;28;15;
MQ_01080_FV2_R (MQ558);11;10;5;4;2;4;6;9;12;13;22;23;24;23;31;29;31;29;33;26;27;16;9;7;
MQ_01080_FV3_L (MQ559);135;82;96;85;85;56;48;40;39;79;113;142;168;211;203;193;198;217;233;198;186;120;124;62;
MQ_03070_FV3_R (MQ56);5;8;1;1;2;3;4;1;5;16;17;12;29;25;16;39;22;40;58;22;19;16;6;9;
MQ_01080_FV3_R (MQ560);21;14;9;9;7;5;6;8;11;18;24;31;31;47;41;44;44;49;46;35;34;22;16;10;
MQ_01080_FV4_G (MQ561);15;6;9;12;13;6;11;9;13;23;25;39;44;36;41;46;37;59;61;54;37;36;17;15;
MQ_01080_FV4_L (MQ562);13;5;8;10;10;5;9;8;11;19;21;32;36;30;33;38;30;48;50;45;30;30;14;12;
MQ_01080_FV4_R (MQ563);72;65;57;48;58;35;37;35;57;96;177;157;184;170;225;230;217;250;286;249;171;101;77;36;
MQ_01081_FV1_G (MQ564);93;69;71;52;69;42;40;49;68;119;191;212;227;217;248;271;268;295;329;206;190;129;84;54;
MQ_01090_FV1_L (MQ565);107;100;99;93;84;65;53;44;75;97;171;157;217;205;244;222;249;283;307;189;182;128;76;46;
MQ_01090_FV2_L (MQ566);96;83;71;53;41;39;23;34;49;106;102;144;148;154;170;184;173;149;137;114;107;85;49;31;
MQ_01090_FV31_R (MQ567);104;69;36;27;24;9;22;18;34;69;78;144;154;195;203;195;190;213;249;148;133;99;53;34;
MQ_03070_FV4_G (MQ57);46;43;46;25;34;24;23;29;40;69;106;123;137;136;165;152;152;175;179;137;97;70;58;35;
MQ_01110_FV2_R (MQ578);18;13;1;3;1;3;2;9;6;15;13;27;22;28;35;41;25;43;40;36;29;28;14;2;
MQ_08030_FV3_L (MQ58);30;14;5;12;4;9;9;6;7;16;79;32;46;65;92;32;49;26;25;28;16;10;9;4;
MQ_01123_FV1_G (MQ588);22;18;22;27;16;9;19;7;45;60;97;98;83;118;123;104;143;133;116;72;48;31;20;16;
MQ_01123_FV1_L (MQ589);0;0;0;0;0;0;0;0;0;0;1;1;1;1;1;1;1;1;1;1;0;0;0;0;
MQ_08030_FV3_G (MQ59);223;191;147;140;153;132;108;98;144;268;318;369;470;580;679;551;500;508;473;338;253;183;124;64;
MQ_01123_FV1_R (MQ590);0;0;0;0;0;0;0;0;0;0;1;1;1;1;1;1;1;1;1;1;0;0;0;0;
MQ_01123_FV3_G (MQ591);70;33;24;11;21;8;12;24;47;83;114;134;170;192;185;223;197;160;141;88;84;51;28;17;
MQ_01123_FV3_L (MQ592);1;0;0;0;0;0;0;0;0;1;1;1;2;2;2;2;2;2;1;1;1;0;0;0;
MQ_01123_FV3_R (MQ593);1;0;0;0;0;0;0;0;0;1;1;1;2;2;2;2;2;2;1;1;1;0;0;0;
MQ_01130_FV3_R (MQ594);1;1;1;0;0;0;0;1;1;2;3;3;3;4;4;4;4;4;4;3;3;2;1;1;
MQ_01140_FV1_L (MQ595);17;14;8;5;5;6;5;6;10;21;37;36;34;43;52;46;48;50;51;39;35;27;14;7;
MQ_01140_FV1_R (MQ596);5;4;3;2;1;2;1;2;3;6;8;9;10;12;15;14;14;15;14;12;9;7;4;2;
MQ_01140_FV2_G (MQ597);9;4;3;3;1;0;0;2;2;4;3;10;8;9;9;6;8;8;9;8;5;4;3;1;
MQ_01140_FV2_R (MQ598);15;7;5;5;1;1;0;3;4;6;6;16;13;15;14;10;13;13;15;12;7;6;4;2;
MQ_01140_FV31_L (MQ599);35;29;23;12;10;25;7;14;30;68;89;109;129;151;170;192;191;167;140;83;94;63;27;21;
MQ_08050_FV1_R (MQ6);19;10;11;10;24;26;54;76;39;96;262;417;317;331;294;189;128;74;55;51;44;13;10;10;
MQ_03070_FV4_L (MQ60);23;17;12;5;8;8;13;11;26;41;43;65;61;98;104;75;92;94;108;72;57;33;23;11;
MQ_01140_FV31_R (MQ600);40;19;23;17;7;5;23;12;49;94;101;121;107;83;83;111;97;100;105;82;57;35;30;12;
MQ_01140_FV4_G (MQ601);29;15;14;10;10;3;5;2;10;20;36;42;44;66;53;58;88;97;107;32;37;24;28;25;
MQ_01140_FV4_L (MQ602);1;0;0;0;0;0;0;0;0;1;1;1;1;2;2;2;3;3;3;1;1;1;1;1;
MQ_01140_FV4_R (MQ603);46;33;20;13;10;14;11;11;18;50;59;105;117;154;127;140;161;184;185;83;78;49;41;37;
MQ_01150_FV1_R (MQ604);16;15;12;4;2;9;7;2;19;36;25;52;50;45;68;89;74;75;70;60;40;30;19;8;
MQ_01150_FV3_L (MQ605);26;17;9;12;14;5;11;9;33;35;61;34;48;56;85;72;68;78;57;38;37;30;21;11;
MQ_01160_FV1_L (MQ606);126;106;59;39;29;48;42;50;71;172;310;261;308;290;346;330;321;377;407;290;217;183;90;70;
MQ_01160_FV2_L (MQ607);106;88;62;54;43;26;33;32;46;92;148;166;184;223;256;211;202;209;227;186;159;128;76;40;
MQ_01160_FV2_R (MQ608);150;117;67;55;50;48;47;49;93;165;238;281;294;376;405;382;340;362;319;285;248;187;120;62;
MQ_01160_FV3_R (MQ609);51;40;41;30;24;23;20;24;48;104;163;128;128;153;174;155;156;187;176;150;106;91;44;32;
MQ_03070_FV4_R (MQ61);29;27;12;13;9;16;38;26;45;89;129;145;150;180;211;179;157;162;144;104;109;72;40;18;
MQ_01160_FV4_L (MQ610);46;9;20;20;11;7;11;11;35;51;89;71;79;86;100;105;117;131;87;61;78;16;18;16;
MQ_01160_FV4_R (MQ611);20;16;7;7;8;8;8;10;23;38;66;67;103;93;90;93;87;109;117;88;56;39;27;16;
MQ_01161_FV1_G (MQ612);180;142;97;70;52;74;61;74;116;263;476;383;439;438;510;484;472;548;578;438;321;273;131;100;
MQ_01170_FV1_L (MQ614);89;72;40;25;20;27;23;34;35;117;162;189;250;267;274;257;307;308;313;247;192;132;80;49;
MQ_01170_FV2_L (MQ615);27;28;16;4;5;23;14;7;24;55;77;66;105;109;139;132;107;113;126;105;89;41;25;17;
MQ_01170_FV2_R (MQ616);65;33;27;22;15;25;38;35;65;155;195;232;233;249;251;271;266;281;245;183;165;109;49;28;
MQ_01170_FV3_R (MQ617);9;5;5;4;3;3;4;4;8;18;21;21;25;24;27;25;26;28;28;24;18;13;8;5;
MQ_01190_FV1_R (MQ618);80;56;43;31;22;21;19;21;41;68;97;117;136;162;178;170;160;163;176;136;112;84;61;35;
MQ_01195_FV1_R (MQ619);4;2;2;1;1;1;1;1;2;4;5;6;7;8;9;9;8;9;9;6;6;4;3;2;
MQ_03080_FV1_G (MQ62);80;47;26;19;24;69;56;72;126;186;304;298;348;388;396;406;356;348;334;247;210;154;87;39;
MQ_01195_FV2_L (MQ620);19;10;15;7;3;7;1;11;10;24;23;39;45;47;53;35;34;38;33;32;24;26;8;4;
MQ_01195_FV2_R (MQ621);27;7;7;4;3;4;0;12;29;33;84;80;58;61;61;42;42;33;51;35;26;21;12;3;
MQ_01195_FV3_L (MQ622);7;3;5;5;2;3;2;3;8;17;17;9;29;21;31;24;18;18;20;18;16;12;9;5;
MQ_01200_FV2_L (MQ623);20;14;4;9;7;7;5;11;19;32;38;45;58;41;54;59;52;50;67;56;40;29;24;9;
MQ_01200_FV2_R (MQ624);3;2;0;2;0;1;1;6;7;23;16;29;43;28;35;31;20;29;34;17;18;8;5;4;
MQ_01200_FV3_R (MQ625);12;8;6;5;4;4;5;8;14;24;30;31;35;34;38;40;35;39;42;34;28;18;14;7;
MQ_01210_FV12_L (MQ626);83;67;39;32;18;22;22;33;44;75;112;168;184;205;232;222;190;221;226;187;156;106;72;48;
MQ_01210_FV12_R (MQ627);8;7;4;3;2;2;2;3;4;7;11;18;18;21;23;23;19;22;23;19;15;11;7;5;
MQ_01210_FV32_R (MQ628);18;19;15;17;14;13;11;16;23;34;52;63;61;77;81;93;78;98;82;84;46;36;19;15;
MQ_01210_FV4_G (MQ629);6;2;4;1;3;1;1;0;3;5;7;10;1;5;5;12;6;7;5;10;8;8;6;1;
MQ_03080_FV1_L (MQ63);4;3;1;2;1;1;0;0;0;0;11;7;12;9;21;8;7;10;20;9;12;6;6;2;
MQ_01210_FV4_L (MQ630);2;6;0;2;0;0;0;0;2;1;2;6;1;2;2;7;7;8;3;7;3;9;1;0;
MQ_01210_FV4_R (MQ631);7;9;5;2;0;0;0;0;10;4;3;8;4;6;9;9;11;15;11;11;8;8;3;2;
MQ_01210_FV6_R (MQ632);25;24;14;14;17;15;10;19;36;77;118;109;111;147;131;137;104;131;135;104;85;48;42;7;
MQ_01220_FV1_R (MQ633);2;2;1;1;1;1;1;1;1;2;4;3;5;7;5;5;4;5;4;3;4;3;3;2;
MQ_01220_FV31_L (MQ634);1;0;0;0;0;0;0;0;1;1;2;2;3;3;3;3;3;3;3;2;2;1;1;0;
MQ_01230_FV2_L (MQ635);8;5;2;4;5;1;3;34;7;5;4;8;4;10;11;18;10;19;16;6;12;14;4;0;
MQ_01230_FV2_R (MQ636);7;4;2;4;5;1;3;37;10;7;5;9;4;11;9;20;7;21;24;10;14;16;4;0;
MQ_01240_FV1_L (MQ637);45;26;22;12;12;6;14;18;22;53;69;94;115;151;157;156;138;136;157;87;93;58;26;27;
MQ_01240_FV3_L (MQ638);42;23;13;16;8;13;13;16;19;57;119;136;108;145;144;140;128;113;124;102;101;95;47;42;
MQ_01240_FV4_G (MQ639);83;49;41;27;41;37;36;48;61;185;223;290;274;314;316;275;243;305;263;220;149;101;66;29;
MQ_03080_FV1_R (MQ64);33;16;17;8;7;8;9;5;23;34;49;79;105;103;125;96;111;129;129;109;93;67;49;31;
MQ_01240_FV4_L (MQ640);40;26;29;19;14;10;19;36;36;75;78;109;118;120;127;108;136;137;128;95;75;36;18;10;
MQ_01250_FV1_G (MQ641);125;92;71;44;53;45;56;73;82;241;264;372;386;414;450;411;390;473;395;330;244;136;92;46;
MQ_01250_FV1_L (MQ642);14;8;4;1;2;5;6;10;7;26;24;33;38;30;39;27;41;46;45;35;26;14;4;4;
MQ_01250_FV2_L (MQ643);34;17;20;10;18;14;18;42;60;104;122;138;130;160;178;152;152;162;147;98;78;59;37;12;
MQ_01250_FV2_R (MQ644);8;6;5;3;6;1;6;14;23;39;32;42;50;50;62;56;49;48;58;46;30;22;6;3;
MQ_01250_FV3_G (MQ645);115;106;68;51;43;34;44;51;74;157;238;302;361;346;390;380;347;345;304;234;215;184;104;73;
MQ_01250_FV3_R (MQ646);54;48;24;17;21;17;21;35;37;88;105;146;189;189;231;219;186;196;190;148;147;94;50;24;
MQ_01250_FV4_G (MQ647);;;;;;;;;;;;;;;;;;;;;;;;;
MQ_02010_FV1_G (MQ648);;;;;;;;;;;;;;;;;;;;;;;;;
MQ_02010_FV1_L (MQ649);;;;;;;;;;;;;;;;;;;;;;;;;
MQ_03080_FV2_G (MQ65);35;16;22;22;21;13;7;12;7;24;24;36;45;55;52;72;53;52;53;56;39;34;36;15;
MQ_02010_FV2_L (MQ650);9;5;6;3;1;1;5;4;12;16;30;38;34;31;40;31;38;35;30;34;26;19;9;10;
MQ_02010_FV2_R (MQ651);16;8;10;6;2;1;9;8;20;26;51;64;57;54;69;53;64;60;50;57;44;31;14;16;
MQ_02010_FV3_G (MQ652);110;84;48;48;35;24;34;42;74;112;169;188;214;297;273;297;286;331;288;250;208;126;93;49;
MQ_02010_FV3_R (MQ653);11;8;6;4;3;2;2;4;7;12;20;20;21;35;31;34;29;34;28;27;21;12;11;5;
MQ_02020_FV1_L (MQ654);;;;;;;;;;;;;;;;;;;;;;;;;
MQ_02020_FV1_R (MQ655);;;;;;;;;;;;;;;;;;;;;;;;;
MQ_02020_FV2_L (MQ656);11;8;9;6;7;2;7;6;16;19;23;40;43;47;55;57;49;43;65;35;31;19;17;8;
MQ_02020_FV2_R (MQ657);48;34;27;21;21;27;24;30;50;68;89;116;116;139;123;148;125;130;168;134;100;83;38;18;
MQ_02020_FV3_R (MQ658);16;11;7;5;5;3;6;6;11;18;26;31;29;47;37;41;31;46;41;30;27;16;13;8;
MQ_02020_FV4_R (MQ659);9;6;4;3;1;5;4;6;9;19;23;27;32;33;42;38;36;40;41;34;29;16;10;6;
MQ_03020_FV1_R (MQ66);29;21;10;5;11;10;14;15;25;42;70;68;99;133;113;104;125;149;130;86;92;42;37;17;
MQ_03080_FV2_L (MQ67);2;1;0;0;1;2;0;2;3;7;7;12;7;10;8;12;8;8;10;7;7;3;1;0;
MQ_03080_FV2_R (MQ68);5;2;3;4;2;1;2;0;9;7;10;17;16;19;17;16;18;18;18;13;6;3;2;0;
MQ_03020_FV1_G (MQ69);98;64;36;29;21;30;64;61;74;150;248;267;357;464;397;495;374;403;424;298;244;177;103;55;
MQ_08050_FV2_R (MQ7);1;3;0;1;1;2;0;3;2;4;31;34;53;56;59;48;37;27;16;4;14;4;1;1;
MQ_03080_FV3_G (MQ70);83;61;42;18;20;23;32;33;72;162;157;248;294;363;407;431;404;450;422;261;208;117;78;57;
MQ_03080_FV3_L (MQ71);17;18;5;5;3;3;5;2;9;33;23;39;54;57;43;60;46;61;71;36;43;36;26;10;
MQ_06170_FV7_G (MQ72);173;106;61;52;31;40;53;56;114;193;278;445;420;500;554;531;494;472;501;350;292;192;99;72;
MQ_08031_FV11_L (MQ73);;;;;;;;;;;;;;;;;;;;;;;;;
MQ_08031_FV11_G (MQ74);264;209;102;116;107;81;77;53;90;205;314;386;432;503;549;426;393;386;376;349;289;256;171;80;
MQ_29010_FV1_R (MQ75);16;9;9;5;8;5;8;8;21;38;52;52;69;75;86;72;81;77;72;57;36;15;15;6;
MQ_29010_FV1_G (MQ76);25;14;13;7;11;7;12;13;32;57;77;78;104;112;130;107;122;115;108;86;53;23;23;8;
MQ_08031_FV11_R (MQ77);76;77;47;79;75;76;51;43;29;76;304;62;28;35;51;30;44;18;29;10;11;6;5;1;
MQ_29010_FV1_L (MQ78);34;27;13;15;8;19;29;24;55;98;123;164;172;185;201;216;197;227;215;169;128;72;35;17;
MQ_06170_FV7_L (MQ79);10;6;3;1;4;0;3;0;7;15;5;20;13;20;17;25;21;22;21;22;17;19;8;4;
MQ_03290_FV2_R (MQ8);189;142;75;76;70;62;40;42;45;104;344;214;248;223;279;233;204;214;228;215;149;142;73;49;
MQ_06160_FV3_R (MQ80);70;71;33;26;22;22;37;36;60;117;180;216;247;279;262;291;260;317;328;219;154;119;76;20;
MQ_08031_FV2_L (MQ81);12;10;10;9;7;1;3;1;2;1;6;4;14;35;37;17;7;17;11;19;4;10;6;2;
MQ_29010_FV2_R (MQ82);4;4;2;1;1;1;1;2;4;4;6;10;13;14;17;17;13;13;13;9;10;6;2;2;
MQ_29010_FV2_G (MQ83);12;10;5;2;4;4;1;7;11;12;16;28;37;41;50;50;38;39;38;25;28;16;7;6;
MQ_08031_FV3_ L (MQ84);33;27;23;32;29;13;13;20;15;37;197;30;35;24;24;22;14;12;2;6;8;0;3;0;
MQ_08031_FV3_G (MQ85);168;131;92;89;87;66;78;79;136;260;410;392;493;470;556;529;497;493;477;350;264;176;122;63;
MQ_29010_FV2_L (MQ86);0;0;0;0;0;0;0;0;0;0;1;1;1;1;1;1;1;1;1;1;1;1;0;0;
MQ_03181_FV1_R (MQ87);14;11;5;5;3;5;8;5;12;21;33;35;47;47;55;54;53;53;58;42;38;23;12;4;
MQ_08031_FV3_R (MQ88);242;239;416;229;468;344;144;267;202;12;203;278;173;196;258;249;383;343;244;471;344;296;217;291;
MQ_29010_FV3_R (MQ89);1;1;0;0;0;0;0;0;0;1;2;3;3;3;3;3;3;3;3;2;2;1;1;0;
MQ_03290_FV2_G (MQ9);125;88;52;44;39;40;37;42;49;95;160;178;228;217;227;242;252;270;287;240;205;154;76;54;
MQ_29010_FV3_G (MQ90);101;80;36;48;25;39;34;40;51;112;151;246;254;276;327;308;272;285;248;189;149;114;74;47;
MQ_06160_FV3_G (MQ91);82;67;50;34;33;32;32;32;83;160;241;242;232;255;291;309;262;278;292;214;182;100;52;20;
MQ_08031_FV4_L (MQ92);78;78;102;100;132;115;66;43;33;32;41;21;24;160;177;77;100;99;80;64;9;28;9;5;
MQ_29010_FV3_L (MQ93);34;39;8;13;11;14;22;29;57;81;129;170;183;209;206;208;191;184;174;134;91;52;42;18;
MQ_03181_FV1_L (MQ94);14;11;5;5;3;5;8;5;12;21;33;35;47;47;55;54;53;53;58;42;38;23;12;4;
MQ_29010_FV4_G (MQ95);4;3;2;3;1;7;1;0;9;14;15;24;32;29;39;33;41;49;44;17;14;12;4;3;
MQ_29010_FV4_R (MQ96);1;1;1;1;0;2;0;0;3;5;5;8;11;10;13;11;14;16;15;6;5;4;1;1;
MQ_29010_FV4_L (MQ97);42;21;22;12;19;12;20;19;53;99;128;128;173;199;208;181;202;192;175;144;89;37;39;15;
MQ_03080_FV3_R (MQ98);3;0;0;1;1;0;0;0;5;1;5;10;9;7;11;11;5;9;9;7;8;4;1;0;
MQ_03080_FV4_G (MQ99);25;12;19;16;20;11;8;8;26;23;38;40;40;36;50;55;50;65;63;46;45;31;22;4;
