Datum,,Gartenstraße  stadteinwärts,Gartenstraße stadtauswärts,Hammer Straße  stadteinwärts (Barometer),Hammer Straße stadtauswärts,Hüfferstraße  stadteinwärts,Hüfferstraße stadtauswärts,Promenade,Warendorfer Straße  stadteinwärts,Warendorfer Straße stadtauswärts,Weseler Straße  stadteinwärts,Weseler Straße stadtauswärts
13/07/2016,00:00,,,,,,,,,,1689,920
14/07/2016,00:00,,,,,,,,,,1958,1368
15/07/2016,00:00,,,,,,,,,,2155,1378
16/07/2016,00:00,,,,,,,,,,1509,1052
17/07/2016,00:00,,,,,,,,,,1016,725
18/07/2016,00:00,,,,,,,,,,2178,1433
19/07/2016,00:00,,,,,,,,,,2123,1433
20/07/2016,00:00,,,,,,,,,,2104,1476
21/07/2016,00:00,,,,,,,,,,1890,1258
22/07/2016,00:00,,,,,,,,,,1788,1211
23/07/2016,00:00,,,,,,,,,,1357,949
24/07/2016,00:00,,,,,,,,,,1009,692
25/07/2016,00:00,,,,,,,,,,1842,1271
26/07/2016,00:00,,,,,,,,,,2062,1378
27/07/2016,00:00,,,,,,,,,,1971,1340
28/07/2016,00:00,,,,,,,,,,1557,1059
29/07/2016,00:00,,,,,,,,,,1568,1012
30/07/2016,00:00,,,,,,,,,,1204,791
31/07/2016,00:00,,,,,,,,,,708,575
01/08/2016,00:00,,,,,,,,,,1605,1039
02/08/2016,00:00,,,,,,,,,,1386,797
03/08/2016,00:00,,,,,,,,,,1257,705
04/08/2016,00:00,,,,,,,,,,1730,1154
05/08/2016,00:00,,,,,,,,,,1651,1089
06/08/2016,00:00,,,,,,,,,,1285,789
07/08/2016,00:00,,,,,,,,,,926,733
08/08/2016,00:00,,,,,,,,,,1717,1171
09/08/2016,00:00,,,,,,,,,,1666,1174
10/08/2016,00:00,,,,,,,,,,1638,1054
11/08/2016,00:00,,,,,,,,,,1418,943
12/08/2016,00:00,,,,,,,,,,1406,754
13/08/2016,00:00,,,,,,,,,,1259,814
14/08/2016,00:00,,,,,,,,,,790,689
15/08/2016,00:00,,,,,,,,,,1896,1152
16/08/2016,00:00,,,,,,,,,,1947,1285
17/08/2016,00:00,,,,,,,,,,2057,1301
18/08/2016,00:00,,,,,,,,,,2005,1320
19/08/2016,00:00,,,,,,,,,,1811,1231
20/08/2016,00:00,,,,,,,,,,1588,1030
21/08/2016,00:00,,,,,,,,,,703,474
22/08/2016,00:00,,,,,,,,,,1586,982
23/08/2016,00:00,,,,,,,,,,2252,1462
24/08/2016,00:00,,,,,,,,,,2435,1568
25/08/2016,00:00,,,,,,,,,,2363,1551
26/08/2016,00:00,,,,,,,,,,2300,1470
27/08/2016,00:00,,,,,,,,,,1477,946
28/08/2016,00:00,,,,,,,,,,1029,749
29/08/2016,00:00,,,,,,,,,,1898,1303
30/08/2016,00:00,,,,,,,,,,2354,1451
31/08/2016,00:00,,,,,,,,,,2398,1510
01/09/2016,00:00,,,,,,,,,,2318,1510
02/09/2016,00:00,,,,,,,,,,2301,1455
03/09/2016,00:00,,,,,,,,,,1856,1143
04/09/2016,00:00,,,,,,,,,,822,598
05/09/2016,00:00,,,,,,,,,,2183,1407
06/09/2016,00:00,,,,,,,,,,2376,1578
07/09/2016,00:00,,,,,,,,,,2486,1574
08/09/2016,00:00,,,,,,,,,,2437,1576
09/09/2016,00:00,,,,,,,,,,2294,1429
10/09/2016,00:00,,,,,,,,,,1588,1024
11/09/2016,00:00,,,,,,,,,,1493,1240
12/09/2016,00:00,,,,,,,,,,2335,1513
13/09/2016,00:00,,,,,,,,,,2409,1519
14/09/2016,00:00,,,,,,,,,,2337,1465
15/09/2016,00:00,,,,,,,,,,2399,1545
16/09/2016,00:00,,,,,,,,,,2089,1304
17/09/2016,00:00,,,,,,,,,,1517,974
18/09/2016,00:00,,,,,,,,,,948,665
19/09/2016,00:00,,,,,,,,,,2231,1381
20/09/2016,00:00,,,,,,,,,,2308,1458
21/09/2016,00:00,,,,,,,,,,2333,1495
22/09/2016,00:00,,,,,,,,,,2313,1470
23/09/2016,00:00,,,,,,,,,,2173,1265
24/09/2016,00:00,,,,,,,,,,1512,915
25/09/2016,00:00,,,,,,,,,,1092,752
26/09/2016,00:00,,,,,,,,,,2180,1366
27/09/2016,00:00,,,,,,,,,,2255,1497
28/09/2016,00:00,,,,,,,,,,2252,1420
29/09/2016,00:00,,,,,,,,,,2194,1429
30/09/2016,00:00,,,,,,,,,,2058,1193
01/10/2016,00:00,,,,,,,,,,1285,730
02/10/2016,00:00,,,,,,,,,,681,559
03/10/2016,00:00,,,,,,,,,,1137,934
04/10/2016,00:00,,,,,,,,,,2208,1404
05/10/2016,00:00,,,,,,,,,,2228,1452
06/10/2016,00:00,,,,,,,,,,2094,1387
07/10/2016,00:00,,,,,,,,,,2032,1309
08/10/2016,00:00,,,,,,,,,,1333,868
09/10/2016,00:00,,,,,,,,,,902,694
10/10/2016,00:00,,,,,,,,,,1872,1244
11/10/2016,00:00,,,,,,,,,,1801,1272
12/10/2016,00:00,,,,,,,,,,1866,1233
13/10/2016,00:00,,,,,,,,,,1802,1232
14/10/2016,00:00,,,,,,,,,,1713,1114
15/10/2016,00:00,,,,,,,,,,1054,716
16/10/2016,00:00,,,,,,,,,,945,702
17/10/2016,00:00,,,,,,,,,,2154,1516
18/10/2016,00:00,,,,,,,2687,,,2029,1385
19/10/2016,00:00,,,,,,,10638,,,1413,846
20/10/2016,00:00,,,,,,,13933,,,1860,1211
21/10/2016,00:00,,,,,,,11810,,,1552,1034
22/10/2016,00:00,,,,,,,9494,,,1274,797
23/10/2016,00:00,,,,,,,6984,,,919,730
24/10/2016,00:00,,,,,,,14234,,,2026,1280
25/10/2016,00:00,,,,4423,,,15848,,,2186,1550
26/10/2016,00:00,,,,5086,,,17556,,,2468,1793
27/10/2016,00:00,,,,4885,,,17486,,,2447,1792
28/10/2016,00:00,,,3179,4717,,,15827,,,2227,1572
29/10/2016,00:00,,,4162,4380,,,11969,,,1560,1057
30/10/2016,00:00,,,1676,1965,,,7500,,,1034,814
31/10/2016,00:00,,,4770,5173,,,16189,,,2511,1706
01/11/2016,00:00,,,1752,2147,,,8243,,,904,729
02/11/2016,00:00,1430,1220,4390,5013,,3221,15793,,2761,2253,1500
03/11/2016,00:00,1957,1661,4501,4954,4024,5136,17175,5028,4576,2490,1704
04/11/2016,00:00,1888,1582,4413,4909,3115,3900,16523,4819,4327,2210,1412
05/11/2016,00:00,1117,842,3183,3622,1453,1780,9574,3261,2977,1118,761
06/11/2016,00:00,386,434,1199,1587,612,897,5526,1347,1298,688,543
07/11/2016,00:00,1407,1166,3050,3405,2837,3664,12226,3593,3227,1749,1065
08/11/2016,00:00,1729,1414,3935,4410,3635,4628,15160,4561,4185,2154,1137
09/11/2016,00:00,1727,1471,3916,4320,3586,1590,14808,4538,4296,2215,1457
10/11/2016,00:00,1573,1352,3548,3944,3136,82,13721,3982,3739,2043,1013
11/11/2016,00:00,1713,1377,3673,4100,2770,45,13826,4158,3810,2009,941
12/11/2016,00:00,1123,882,3182,3481,1531,35,9415,3412,3161,1226,775
13/11/2016,00:00,487,448,1175,1581,630,27,5761,1522,1406,682,531
14/11/2016,00:00,1769,1536,3526,4121,3418,29,14740,4375,3959,2182,1462
15/11/2016,00:00,1489,1294,3188,3573,3269,45,12989,3749,3540,1932,1147
16/11/2016,00:00,1544,1369,3452,4155,3167,40,13850,4023,3852,1964,993
17/11/2016,00:00,1597,1380,3452,4053,3244,2475,14275,4161,3844,1956,979
18/11/2016,00:00,1609,1341,3855,4191,2644,2826,14253,4071,3812,1967,937
19/11/2016,00:00,1135,885,3029,3462,1397,1593,9262,3218,2913,1155,728
20/11/2016,00:00,357,439,1058,1327,546,779,4885,1194,1163,606,449
21/11/2016,00:00,1549,1353,3523,4234,3122,3539,13940,4255,3817,1957,1176
22/11/2016,00:00,1847,1622,4256,4913,3795,4330,16358,4908,4557,2347,1399
23/11/2016,00:00,2107,1825,4251,5127,4066,4498,16448,5056,4787,2450,1582
24/11/2016,00:00,1949,1705,4048,4973,3700,4247,16523,4845,4464,2461,1572
25/11/2016,00:00,1876,1592,4563,4961,3072,3779,15298,4790,4187,2176,1375
26/11/2016,00:00,1194,877,3409,3715,1621,1932,9402,3557,3267,1231,872
27/11/2016,00:00,541,588,1578,1780,784,1283,6262,1709,1647,761,617
28/11/2016,00:00,1803,1478,3886,4394,3649,4312,14913,4571,4296,2242,1576
29/11/2016,00:00,1745,1580,3844,4519,4269,4295,15368,4581,4343,2217,1498
30/11/2016,00:00,1805,1562,4109,4791,4054,4339,14990,4571,4397,2179,1509
01/12/2016,00:00,1795,1566,4063,4680,3497,4287,15467,4622,4323,2287,1544
02/12/2016,00:00,1743,1418,4455,4815,2836,3630,14873,4462,4043,2112,1370
03/12/2016,00:00,1230,960,3373,3779,1594,1923,10112,3615,3242,1335,905
04/12/2016,00:00,496,549,1444,1951,799,1029,5997,1778,1691,791,629
05/12/2016,00:00,1728,1512,3827,4471,3783,3885,14635,4528,4242,2209,1520
06/12/2016,00:00,1803,1538,4068,4496,3999,4127,15483,4624,4471,2228,1518
07/12/2016,00:00,1843,1645,4194,4774,4257,4494,15846,5056,4743,2284,1571
08/12/2016,00:00,1894,1661,4078,4839,3543,4690,16648,4968,4580,2395,1698
09/12/2016,00:00,1733,1421,4201,4582,2967,3626,15370,4606,4223,2184,1299
10/12/2016,00:00,1149,901,3487,3827,1496,1920,9849,3221,3059,1234,823
11/12/2016,00:00,527,559,1420,1739,657,840,5844,1537,1539,713,530
12/12/2016,00:00,1891,1636,4162,4767,3414,4058,15300,4609,4233,2378,1432
13/12/2016,00:00,1827,1573,3919,4678,3747,4250,15091,4574,4402,2164,1409
14/12/2016,00:00,1824,1632,4428,4903,3774,4338,15632,4958,4635,2282,1464
15/12/2016,00:00,1911,1669,4533,5173,3690,4738,16932,5210,4780,2459,1550
16/12/2016,00:00,1867,1508,4380,4983,3073,3881,16046,5053,4439,2331,1422
17/12/2016,00:00,1235,979,3656,4002,1604,2034,10435,3600,3307,1305,911
18/12/2016,00:00,505,570,1684,1923,698,1058,6051,1748,1701,872,631
19/12/2016,00:00,1896,1600,4804,5232,3583,4479,15835,5023,4557,2292,1484
20/12/2016,00:00,1929,1591,4678,5115,3566,4553,16306,5177,4824,2315,1539
21/12/2016,00:00,2045,1735,5098,5330,3756,4705,16490,5424,4966,2248,1525
22/12/2016,00:00,1394,1215,4003,4517,2599,3212,13288,4218,3881,1835,970
23/12/2016,00:00,1446,1163,3707,4238,1856,2014,10905,3907,3476,1430,823
24/12/2016,00:00,777,651,1556,1921,713,911,4135,1844,1785,550,371
25/12/2016,00:00,168,154,308,375,137,153,1232,313,277,161,120
26/12/2016,00:00,264,266,561,587,242,299,2126,575,486,279,158
27/12/2016,00:00,1074,870,2483,2858,1085,1264,7768,2458,2291,1023,586
28/12/2016,00:00,1171,904,2685,3054,1294,1588,8344,2723,2462,1190,685
29/12/2016,00:00,1194,889,2602,2925,1099,1461,8835,2847,2433,1094,742
30/12/2016,00:00,1090,885,2734,2865,1094,1313,8104,2682,2435,1105,620
31/12/2016,00:00,713,543,1885,1806,728,703,5133,1849,1662,729,462
01/01/2017,00:00,282,380,760,932,298,536,3336,763,799,450,334
02/01/2017,00:00,991,812,2141,2273,1034,1383,7282,2343,2019,1003,614
03/01/2017,00:00,1060,874,2610,2633,1223,1630,8588,2622,2430,1193,748
04/01/2017,00:00,1031,947,2406,2758,1344,1689,8474,2668,2449,1092,554
05/01/2017,00:00,1275,1047,2832,2997,1585,1907,10144,3106,2781,1363,800
06/01/2017,00:00,1105,939,2594,2931,1633,1652,9192,2867,2674,1244,781
07/01/2017,00:00,443,321,1088,1296,565,626,3780,1184,1233,520,343
08/01/2017,00:00,289,274,768,846,353,454,3093,889,731,401,282
09/01/2017,00:00,1625,1375,3284,3787,2945,3644,13070,3913,3562,2063,1362
10/01/2017,00:00,1452,1265,3341,3694,2976,3584,12586,3630,3509,1850,1078
11/01/2017,00:00,1403,1203,2997,3587,2812,3402,11995,3545,3411,1752,1049
12/01/2017,00:00,1646,1346,3379,3903,3194,3852,13726,4047,3876,2046,1197
13/01/2017,00:00,1339,1050,2980,3219,2197,2578,11114,3391,3127,1681,742
14/01/2017,00:00,878,710,2384,2756,1271,1454,7479,2586,2445,1074,610
15/01/2017,00:00,366,353,1083,1293,566,846,4424,1156,1058,663,448
16/01/2017,00:00,1648,1330,3403,3790,2878,3780,12548,3798,3533,1996,1341
17/01/2017,00:00,1527,1356,3330,3784,3047,3842,12968,3880,3698,1929,1242
18/01/2017,00:00,1560,1327,3465,3961,3030,3950,13147,4089,3809,1894,1215
19/01/2017,00:00,1613,1446,3594,3950,2974,3828,14018,4136,3986,2054,1333
20/01/2017,00:00,1570,1278,3532,3816,2523,2985,13033,4106,3763,1946,1188
21/01/2017,00:00,1049,817,2750,3130,1317,1571,8605,3122,3030,1143,773
22/01/2017,00:00,428,445,1206,1511,679,942,5531,1485,1479,657,522
23/01/2017,00:00,1520,1307,3201,3516,2755,3345,12339,3735,3556,1914,1313
24/01/2017,00:00,1569,1336,3338,3783,2929,3844,13184,4073,3931,1921,1348
25/01/2017,00:00,1649,1426,3616,4040,2961,3893,13396,4222,4071,1950,1390
26/01/2017,00:00,1594,1457,3608,4019,2718,3693,13881,4293,4065,1958,1321
27/01/2017,00:00,1551,1333,3480,3863,2476,3066,13176,4077,3700,1868,1266
28/01/2017,00:00,1105,851,3122,3371,1441,1806,8651,3157,3028,1222,796
29/01/2017,00:00,375,378,1132,1383,602,844,4928,1255,1246,643,483
30/01/2017,00:00,1283,1079,2647,2974,2228,2805,10549,3074,2921,1599,844
31/01/2017,00:00,1674,1315,3428,4019,2956,3692,13324,4079,3865,2105,1298
01/02/2017,00:00,1816,1458,3789,4403,3161,3799,14452,4471,4249,2071,1345
02/02/2017,00:00,1813,1455,3981,4490,3095,3621,14963,4434,4173,2058,1414
03/02/2017,00:00,1643,1359,3626,4032,2543,2851,13501,4191,3774,1861,1210
04/02/2017,00:00,1133,909,3065,3508,1566,1696,8949,3297,3157,1144,768
05/02/2017,00:00,480,470,1509,1828,705,912,6123,1620,1509,810,494
06/02/2017,00:00,1735,1396,3420,3837,2500,3080,13283,3873,3678,1965,1256
07/02/2017,00:00,1472,1172,2892,3356,2479,3079,11767,3590,3272,1787,1157
08/02/2017,00:00,1478,1217,3261,3868,2633,3158,12371,3758,3549,1780,1104
09/02/2017,00:00,1556,1279,3536,3972,2481,3203,13095,3940,3606,1892,1276
10/02/2017,00:00,1690,1306,3796,4179,2612,3105,13109,4414,3837,1934,1203
11/02/2017,00:00,821,562,2365,2706,1059,1261,6920,2431,2189,912,577
12/02/2017,00:00,475,459,1161,1454,682,918,5019,1436,1286,650,400
13/02/2017,00:00,1692,1361,3632,3981,2504,3060,13389,3998,3665,1936,1306
14/02/2017,00:00,1789,1473,3937,4362,2759,3429,14953,4460,4086,2070,1366
15/02/2017,00:00,1974,1591,4114,4716,2844,3448,15388,4611,4227,2114,1358
16/02/2017,00:00,1773,1401,4026,4455,2621,3177,14729,4310,3977,2076,1302
17/02/2017,00:00,1397,1159,3326,3628,2063,2321,11609,3433,3134,1658,1097
18/02/2017,00:00,1085,877,3368,3514,1507,1680,9510,3403,3139,1315,820
19/02/2017,00:00,351,352,1038,1190,466,637,4554,1122,1120,607,458
20/02/2017,00:00,1565,1214,3198,3408,2035,2378,11809,3524,3206,1704,1108
21/02/2017,00:00,1786,1495,3999,4304,2487,2844,14594,4297,4117,2029,1067
22/02/2017,00:00,1100,954,2291,2731,1586,1796,9262,2683,2573,1183,668
23/02/2017,00:00,1016,806,2243,2462,1458,1603,8489,2610,2379,1051,550
24/02/2017,00:00,1415,1164,3243,3584,2004,2218,12177,3615,3408,1550,633
25/02/2017,00:00,958,712,2637,2986,1146,1322,7602,2882,2717,976,588
26/02/2017,00:00,420,387,1094,1342,523,598,4661,1247,1182,597,408
27/02/2017,00:00,1150,820,2103,2340,1025,1187,6816,2224,1881,1160,41
28/02/2017,00:00,1456,1135,3183,3741,2017,2270,11682,3343,3175,1595,0
01/03/2017,00:00,1435,1175,3037,3719,2134,2495,11542,3400,3279,1569,0
02/03/2017,00:00,1366,1075,2749,3165,1813,2148,11208,3182,3068,1582,0
03/03/2017,00:00,1719,1265,3630,4180,2298,2623,13971,4086,3773,1939,0
04/03/2017,00:00,1183,963,3565,3899,1641,1874,10373,3615,3218,1252,0
05/03/2017,00:00,502,463,1316,1614,732,938,6148,1555,1461,690,0
06/03/2017,00:00,1565,1177,3054,3470,2041,2333,11944,3449,3303,1727,0
07/03/2017,00:00,1561,1297,3382,3719,2104,2399,12628,3580,3395,1742,0
08/03/2017,00:00,1370,1100,2658,3141,1811,2167,11073,3244,2967,1511,0
09/03/2017,00:00,1655,1291,3249,3739,2134,2465,13148,3784,3574,1740,0
10/03/2017,00:00,1776,1411,3841,4286,2302,2481,14328,4374,3879,1921,0
11/03/2017,00:00,1341,1027,3586,4023,1807,1971,11028,3921,3672,1391,0
12/03/2017,00:00,674,648,1760,2116,980,1416,7861,2167,1946,892,0
13/03/2017,00:00,1846,1545,3871,4362,2430,2942,15176,4255,4014,2103,0
14/03/2017,00:00,1932,1635,4140,4788,2539,3048,15777,4517,4331,2111,0
15/03/2017,00:00,1979,1745,4299,4910,2769,3300,16136,4774,4574,2240,0
16/03/2017,00:00,2005,1727,4469,5040,2785,3294,17397,4913,4572,2316,0
17/03/2017,00:00,1607,1290,3835,4134,2119,2424,13454,3953,3575,1875,131
18/03/2017,00:00,796,616,2234,2589,971,1109,7062,2457,2247,955,534
19/03/2017,00:00,370,378,994,1292,589,777,4584,1193,1212,549,389
20/03/2017,00:00,1367,1179,2934,3418,1955,2386,12128,3442,3265,1678,875
21/03/2017,00:00,1741,1454,3662,4357,2564,3039,14630,4191,4014,2107,998
22/03/2017,00:00,1957,1580,4381,4943,2921,3386,15957,4675,4409,2291,1487
23/03/2017,00:00,1931,1622,4101,4502,2764,3305,16313,4664,4275,2309,1532
24/03/2017,00:00,1935,1472,4348,4776,2846,3159,15913,5071,4557,2402,1565
25/03/2017,00:00,1423,1099,4343,4657,2159,2484,12395,4394,3865,1671,50
26/03/2017,00:00,860,795,1906,2356,1355,1761,8880,2325,2096,1181,576
27/03/2017,00:00,1951,1573,4178,4753,2507,3090,16440,4609,4300,2296,698
28/03/2017,00:00,1981,1669,4509,4990,2873,3375,17998,4949,4696,2436,530
29/03/2017,00:00,1918,1528,3855,4650,2662,3114,15743,4447,4241,2149,760
30/03/2017,00:00,2094,1714,4570,5044,2837,3372,18147,4851,4609,2280,539
31/03/2017,00:00,2114,1596,4978,5264,3038,3416,17962,5362,4835,2335,575
01/04/2017,00:00,1473,1087,4122,4514,2062,2437,12632,4235,3815,1671,753
02/04/2017,00:00,811,761,1960,2413,1130,1610,9137,2345,2281,1145,491
03/04/2017,00:00,1850,1498,4397,4815,2801,3324,16207,4446,4261,2253,1556
04/04/2017,00:00,2121,1744,4807,5342,3094,3602,18502,5070,4741,2447,1636
05/04/2017,00:00,2001,1634,4898,5288,2929,3412,17096,4828,4503,2289,1558
06/04/2017,00:00,1882,1511,4479,4880,2599,3137,16150,4485,4183,2122,1407
07/04/2017,00:00,1784,1355,4391,4695,2499,2772,15517,4395,4106,2004,1311
08/04/2017,00:00,1314,903,3762,3903,1638,1851,11128,3710,3411,1356,843
09/04/2017,00:00,895,737,2247,2736,1213,1686,10703,2731,2535,1198,901
10/04/2017,00:00,1617,1227,3885,4061,2218,2737,13680,3679,3608,1812,1203
11/04/2017,00:00,1640,1272,4125,4314,2371,2746,13908,3769,3616,1777,1174
12/04/2017,00:00,1514,1097,3576,3753,2189,2644,12231,3405,3341,1619,1092
13/04/2017,00:00,1493,1105,3581,3808,1911,2216,12182,3458,3262,1498,1017
14/04/2017,00:00,484,447,1230,1302,574,699,4801,1289,1149,569,362
15/04/2017,00:00,1006,695,2709,2686,1068,1193,7056,2572,2427,870,534
16/04/2017,00:00,362,368,840,947,414,536,3644,893,855,451,308
17/04/2017,00:00,425,367,1093,1179,545,746,4660,1146,994,517,371
18/04/2017,00:00,1448,1024,3544,3806,3070,3408,11981,3581,3449,1745,1104
19/04/2017,00:00,1696,1223,4033,4536,3498,3931,13702,4259,3931,2030,1330
20/04/2017,00:00,1683,1278,4235,4562,3293,3866,15093,4454,4181,1936,95
21/04/2017,00:00,1477,1091,3736,3960,2678,2910,12925,3925,3685,1742,0
22/04/2017,00:00,1196,879,3394,3644,1613,1993,10244,3546,3307,1251,0
23/04/2017,00:00,582,494,1523,1756,933,1150,6856,1812,1657,755,0
24/04/2017,00:00,1847,1486,4234,4633,3999,4491,15840,4682,4355,2409,0
25/04/2017,00:00,1888,1501,4139,4697,4016,4694,16192,4691,4625,2184,0
26/04/2017,00:00,2028,1648,4623,5065,4257,4905,17402,5223,5063,2404,0
27/04/2017,00:00,2016,1621,4329,5044,3835,4570,17659,4959,4872,2428,0
28/04/2017,00:00,1823,1480,4220,4667,3095,3500,15762,4617,4319,2097,0
29/04/2017,00:00,1311,1003,3517,3992,1787,2069,11597,3860,3761,1402,0
30/04/2017,00:00,983,776,2406,2668,1192,1597,10544,2860,2542,1089,0
01/05/2017,00:00,837,677,1743,2136,971,1425,9352,2378,2172,928,0
02/05/2017,00:00,1587,1213,3382,3983,3418,3995,13573,3944,3782,1898,0
03/05/2017,00:00,1877,1553,4271,4971,4083,4802,16716,4953,4790,2292,0
04/05/2017,00:00,1871,1530,4150,4962,3779,4437,17136,4820,4684,2313,652
05/05/2017,00:00,1940,1413,4645,4818,3282,3634,16194,4632,4473,2130,1377
06/05/2017,00:00,1672,1241,4212,4594,2301,2797,13983,4644,4348,1674,1189
07/05/2017,00:00,750,693,1856,2337,1147,1635,9151,2329,2135,1006,815
08/05/2017,00:00,1943,1509,3998,4651,3713,4321,16134,4487,4427,2239,1576
09/05/2017,00:00,2092,1688,4691,5419,4401,5206,18396,5296,5124,2573,1762
10/05/2017,00:00,2268,1821,4829,5720,4596,5226,19285,5586,5398,2721,26
11/05/2017,00:00,2116,1811,4807,5385,4142,5125,19364,5535,5413,2739,0
12/05/2017,00:00,1687,1353,3952,4410,3113,3537,15091,4460,4180,1985,0
13/05/2017,00:00,1578,1166,4210,4546,2196,2609,13112,4389,4158,1546,0
14/05/2017,00:00,724,729,1908,2323,1065,1548,9003,2261,2167,989,0
15/05/2017,00:00,2294,1886,4739,5313,4368,5328,19514,5385,5284,2678,0
16/05/2017,00:00,2195,1835,4664,5328,4819,5505,20028,5546,5362,2739,0
17/05/2017,00:00,2438,1358,5287,5743,5257,6156,22593,6321,6291,2980,1461
18/05/2017,00:00,1980,1643,4159,4976,3988,4650,18113,5004,4734,2451,1621
19/05/2017,00:00,1368,1109,2969,3494,2595,3037,12505,3365,3398,1625,1075
20/05/2017,00:00,1590,1169,4520,4868,2675,2940,12269,4807,4478,1900,1272
21/05/2017,00:00,805,817,2201,2562,1275,1695,10808,2725,2605,1079,823
22/05/2017,00:00,2205,936,4999,5474,4622,5562,20225,5606,5400,2809,1840
23/05/2017,00:00,2242,1081,4877,5437,5058,5773,20922,5742,5582,2868,1922
24/05/2017,00:00,2289,1707,4789,5635,4632,5301,19946,5795,5588,2783,1859
25/05/2017,00:00,903,393,2254,2594,1426,1832,11810,2855,2772,1117,880
26/05/2017,00:00,1905,547,4470,4697,3268,3649,17794,4897,4585,2164,1347
27/05/2017,00:00,1574,0,3728,3861,2002,2528,14827,4423,4183,1589,1039
28/05/2017,00:00,779,0,1679,2031,1060,1524,9682,2177,2171,976,738
29/05/2017,00:00,2154,0,4723,5106,4175,4943,19838,5604,5429,2602,1762
30/05/2017,00:00,2109,,4369,5162,4364,5247,18843,5155,5250,2522,1713
31/05/2017,00:00,2433,0,5176,6087,4664,5610,20800,5945,5874,2751,1887
01/06/2017,00:00,2360,0,5165,5645,4455,5402,21326,5838,5786,2787,1917
02/06/2017,00:00,2080,0,4660,5120,3557,4264,19006,5318,5040,2453,1644
03/06/2017,00:00,1387,0,3610,3836,1837,2131,11361,3754,3614,1349,903
04/06/2017,00:00,673,0,1621,1943,891,1256,8128,2021,1907,854,626
05/06/2017,00:00,835,0,2063,2378,1202,1687,9854,2638,2302,1077,741
06/06/2017,00:00,1574,0,3640,4264,2412,2826,13834,3872,3849,1738,1145
07/06/2017,00:00,1696,0,3611,4298,2725,3186,14999,4267,4208,2066,1365
08/06/2017,00:00,1894,0,4280,4919,3016,3647,17682,4906,4777,2308,1506
09/06/2017,00:00,1885,0,3851,4516,2792,3144,16005,4465,4203,2156,1304
10/06/2017,00:00,2073,0,4440,4684,2871,3464,14253,5098,4942,2040,1336
11/06/2017,00:00,1168,0,2229,2759,1661,2453,11984,2848,2628,1211,926
12/06/2017,00:00,2099,0,4557,5202,4000,4872,18446,5119,5017,2630,1830
13/06/2017,00:00,2251,0,4750,5584,4685,5605,19993,5544,5434,2718,1850
14/06/2017,00:00,2587,0,5573,6044,4978,5922,21960,6423,6165,2963,1968
15/06/2017,00:00,1075,0,2275,2489,1619,2205,12016,2752,2863,1196,855
16/06/2017,00:00,1715,0,4401,4892,3032,3546,15975,4560,4369,2025,1275
17/06/2017,00:00,1737,0,4229,4720,2552,3016,14779,4189,4100,1853,1224
18/06/2017,00:00,1274,0,2277,2673,1459,2095,12328,2771,2735,1185,887
19/06/2017,00:00,2298,0,4762,5427,4371,5038,20705,5674,5712,2867,1912
20/06/2017,00:00,2477,0,5441,6030,5276,5943,21785,6268,681,2931,2119
21/06/2017,00:00,2490,0,5365,5803,5104,5920,22119,6350,66,2936,2073
22/06/2017,00:00,2085,0,4576,5086,4164,4988,19642,5335,213,2625,1764
23/06/2017,00:00,2373,0,5100,5298,3969,4714,19755,5596,3148,2614,1818
24/06/2017,00:00,1705,0,3896,4163,2260,2589,14673,4941,3816,1721,1196
25/06/2017,00:00,891,0,1505,1898,1108,1563,8425,1899,1484,862,713
26/06/2017,00:00,2199,0,4698,5231,4425,5302,18755,5333,4228,2718,1799
27/06/2017,00:00,2136,0,4746,5559,4326,5271,18858,5159,4307,2553,1810
28/06/2017,00:00,1798,0,4030,4598,3822,4617,15589,4614,3865,2144,1338
29/06/2017,00:00,1875,0,4430,5193,3838,4749,18355,5031,4023,2416,1698
30/06/2017,00:00,2032,0,4466,5076,3541,4088,17446,4946,3922,2368,43
01/07/2017,00:00,1341,0,3129,3491,1721,1977,11003,3442,2617,1426,0
02/07/2017,00:00,944,0,1824,2328,1271,1779,9227,2158,1718,1001,0
03/07/2017,00:00,2233,0,4742,5331,3968,4799,18964,5340,4230,2617,0
04/07/2017,00:00,2182,0,4925,5735,4474,5415,19771,5521,4591,2652,0
05/07/2017,00:00,2443,0,5385,5856,4775,5727,20803,5959,5097,2795,0
06/07/2017,00:00,2414,0,5030,5721,4204,5112,21026,5784,4730,2737,9
07/07/2017,00:00,2262,0,5270,5340,3910,4362,20001,5632,4383,2619,128
08/07/2017,00:00,2033,0,5441,5436,2837,3326,17844,5535,4113,2030,0
09/07/2017,00:00,1312,0,3066,4336,1953,2721,14769,3333,3208,1538,0
10/07/2017,00:00,2077,0,4212,4832,3543,4379,16844,4620,3819,2305,0
11/07/2017,00:00,2223,0,4855,5550,4304,5243,19232,5148,4186,2550,0
12/07/2017,00:00,1411,0,3007,3420,2875,3521,12403,3575,2893,1714,0
13/07/2017,00:00,2379,,5262,5842,4233,5261,20549,5734,4664,2763,1418
14/07/2017,00:00,2124,,4383,4993,3796,4465,17755,5370,4110,2583,1729
15/07/2017,00:00,1865,,4071,4412,2694,3219,15336,4766,3674,1823,1272
16/07/2017,00:00,1110,,1900,2286,1308,2010,10761,2360,1995,1082,871
17/07/2017,00:00,2007,,4661,5160,3882,4478,17694,5037,4030,2445,1634
18/07/2017,00:00,2148,,4840,5267,4286,5009,19530,5407,4467,2590,1681
19/07/2017,00:00,1883,,4090,4614,3773,4478,15998,4729,3909,2196,1445
20/07/2017,00:00,1441,,3449,3823,2582,3258,12717,3678,3052,1640,1037
21/07/2017,00:00,2142,,4662,4982,3407,3932,17903,4888,3876,2274,1517
22/07/2017,00:00,1758,,3517,3891,2399,2559,13789,4036,3271,1555,1071
23/07/2017,00:00,960,,1739,1958,1294,1764,9224,1993,1629,950,687
24/07/2017,00:00,1183,,2780,3235,2117,2642,10463,3042,2401,1482,920
25/07/2017,00:00,974,,2440,2801,2076,2449,9217,2711,2193,1246,658
26/07/2017,00:00,1934,,4367,4873,3582,4095,16727,4786,3903,2206,1462
27/07/2017,00:00,1800,,4118,4454,2974,3748,15909,4433,3713,2087,1435
28/07/2017,00:00,1528,,4209,4223,2576,3246,14064,4009,3307,1900,1257
29/07/2017,00:00,1493,,3810,4045,2013,2290,5379,3712,3004,1423,933
30/07/2017,00:00,1021,,1999,2165,1252,1676,881,2421,2046,1070,748
31/07/2017,00:00,1915,,4420,4466,2779,3481,0,4479,3701,2122,1427
01/08/2017,00:00,1670,,3901,4270,2501,3147,0,4031,3259,1913,1296
02/08/2017,00:00,2012,,4334,5206,3085,3752,0,4611,3800,2051,1401
03/08/2017,00:00,1630,,3684,4247,2497,2976,0,3878,3378,1816,1146
04/08/2017,00:00,1699,,3841,3982,2606,3054,0,4108,3282,1848,1279
05/08/2017,00:00,1053,,114,3413,1229,1443,0,2663,2058,1023,699
06/08/2017,00:00,1317,,88,2954,1401,1808,0,2614,2063,1121,841
07/08/2017,00:00,1845,,4121,4517,2662,3303,0,4547,3572,2067,1442
08/08/2017,00:00,1624,,3514,3766,2339,2778,0,3789,3050,1637,1107
09/08/2017,00:00,1828,,3989,4297,2753,3389,0,4514,3666,1894,1257
10/08/2017,00:00,1716,,3595,3963,2262,2937,0,3916,3197,1721,1181
11/08/2017,00:00,1263,,3032,3216,1945,2249,0,3059,2406,1363,842
12/08/2017,00:00,834,,1902,1994,1014,1220,0,1946,1585,740,401
13/08/2017,00:00,1305,,1926,2025,1531,2099,0,2407,1847,1016,722
14/08/2017,00:00,1965,,4076,4340,2736,3386,0,4405,3625,2071,1346
15/08/2017,00:00,1696,,3903,4079,2364,3004,0,3959,3329,1790,1183
16/08/2017,00:00,2031,,4263,4837,3104,3883,0,4832,4041,2132,1454
17/08/2017,00:00,1617,,3729,4153,2378,2955,0,4010,3361,1790,1225
18/08/2017,00:00,1259,,3164,3513,1924,2347,0,3393,2828,1406,955
19/08/2017,00:00,1381,,3354,3497,1867,2250,0,3371,2872,1450,891
20/08/2017,00:00,1075,,1711,1929,1160,1449,0,1942,1723,891,599
21/08/2017,00:00,1814,,4192,4459,2574,3131,0,4088,3402,1947,1306
22/08/2017,00:00,2114,,4402,4857,2934,3549,0,4601,3788,2182,1454
23/08/2017,00:00,2140,,4612,4911,3158,3894,0,5106,4222,2319,1492
24/08/2017,00:00,2054,,4229,4789,2719,3421,0,4485,3664,2067,1381
25/08/2017,00:00,2013,,4621,4629,2736,3147,587,4571,3668,2014,1361
26/08/2017,00:00,2060,,4326,4183,2232,2643,292,4550,3565,1595,1004
27/08/2017,00:00,1555,,2561,2968,1405,2019,0,2786,2379,1216,840
28/08/2017,00:00,2213,,4610,4861,2868,3606,0,4873,3933,2283,1476
29/08/2017,00:00,2233,,4518,5062,3015,3772,0,5260,4399,2294,1556
30/08/2017,00:00,2158,,4364,5060,3046,3741,0,4966,4038,2261,1522
31/08/2017,00:00,1769,,4145,4408,2563,3151,0,4114,3378,1921,1357
01/09/2017,00:00,2144,,4610,4994,2971,3392,0,4944,3865,2239,1528
02/09/2017,00:00,1914,,4511,4841,2454,2887,0,5056,3809,1750,999
03/09/2017,00:00,1305,,2087,2563,1348,2033,0,2652,2296,1138,863
04/09/2017,00:00,2349,,4732,5301,3008,3627,0,4973,4016,2387,1621
05/09/2017,00:00,2189,1525,4426,5158,3034,3600,0,4950,4161,2369,1616
06/09/2017,00:00,1831,1449,3881,4329,2670,3149,0,4421,3626,2059,1416
07/09/2017,00:00,2153,1804,4379,4835,2889,3392,0,4740,3990,2180,1462
08/09/2017,00:00,1306,1102,2902,3032,1738,1927,0,2918,2419,1408,890
09/09/2017,00:00,1249,963,2795,2965,1601,1677,0,3076,2374,1076,658
10/09/2017,00:00,1342,1215,2303,2694,2128,2400,0,2801,2184,1522,1125
11/09/2017,00:00,1860,1547,3938,4301,2465,3069,0,4223,3347,2033,1370
12/09/2017,00:00,1993,1617,4115,4610,2758,3230,0,4657,3611,2069,1309
13/09/2017,00:00,1541,1216,3028,3455,2114,2429,0,3389,2823,1546,960
14/09/2017,00:00,1519,1286,3191,3495,2140,2528,,3476,2852,1633,1125
15/09/2017,00:00,1800,1459,3645,4309,2466,2744,,4299,3319,1932,1298
16/09/2017,00:00,1762,1313,3731,4046,2225,2630,,4016,3242,1644,996
17/09/2017,00:00,1076,947,1741,1974,1333,1700,,2103,1637,907,641
18/09/2017,00:00,1524,1251,3224,3623,2184,2555,,3387,2674,1621,951
19/09/2017,00:00,2010,1590,4214,4684,2834,3291,,4675,3685,2065,1431
20/09/2017,00:00,1980,1565,4105,4794,2845,3336,,4638,3729,2098,1430
21/09/2017,00:00,2175,1746,4610,5382,2945,3691,,5034,3972,2283,1535
22/09/2017,00:00,2106,1705,4378,4820,2764,3172,,4733,3720,2194,1460
23/09/2017,00:00,1778,1394,3691,4181,2146,2498,,4063,3159,1474,1087
24/09/2017,00:00,1280,1101,2076,2551,1255,1805,,2513,1958,1058,758
25/09/2017,00:00,1994,1673,3808,4627,2699,3181,,4425,3526,2136,1503
26/09/2017,00:00,2108,1802,4246,5022,2995,3504,,4711,3836,2190,1585
27/09/2017,00:00,2406,1908,4540,5286,3111,3867,,5139,4153,2391,
28/09/2017,00:00,2088,1698,4249,4822,2714,3348,,4340,3632,2166,
29/09/2017,00:00,2143,1743,4295,4831,2642,3239,,4634,3571,2025,
30/09/2017,00:00,996,798,2403,2945,1183,1330,,2463,2076,882,
01/10/2017,00:00,1434,1207,2020,2396,1355,1917,,2553,1943,1115,
02/10/2017,00:00,1586,1281,3994,4330,2487,2900,,4216,3342,1894,0
03/10/2017,00:00,850,862,2123,2565,1835,2570,,2672,2058,1479,
04/10/2017,00:00,2100,1612,4359,5316,3580,3980,,5038,4024,2442,0
05/10/2017,00:00,1381,1251,3133,3631,2468,2970,,3458,2835,1774,0
06/10/2017,00:00,1608,1325,3681,4150,2623,3001,,3947,3326,1903,0
07/10/2017,00:00,827,669,2383,2654,1176,1382,,2560,2026,895,0
08/10/2017,00:00,547,546,1624,1883,887,1234,,1717,1364,767,0
09/10/2017,00:00,1791,1534,4360,4879,3832,4463,,4633,3859,2323,0
10/10/2017,00:00,1632,1467,4179,4651,4025,4742,,4472,3737,2260,0
11/10/2017,00:00,1936,1648,4698,5152,4313,5103,,5306,4370,2396,0
12/10/2017,00:00,2039,1759,4608,5219,4236,4905,,5154,4335,2451,0
13/10/2017,00:00,1984,1680,4624,5229,3498,4093,,5224,4166,2401,0
14/10/2017,00:00,1584,1231,4241,4597,2268,2586,,4617,3698,1705,0
15/10/2017,00:00,1020,982,2528,2923,1310,1892,,3107,2323,1258,0
16/10/2017,00:00,2158,1861,4775,5539,4630,5494,,5450,4346,2782,0
17/10/2017,00:00,2213,1821,4774,5477,4866,5732,,5577,4488,2694,0
18/10/2017,00:00,2284,1915,5063,5753,5111,5742,,5811,4708,2745,0
19/10/2017,00:00,2145,1847,4951,5697,4531,5545,,5603,4484,2611,0
20/10/2017,00:00,1479,1263,3689,3969,3010,3434,,4171,3197,1995,0
21/10/2017,00:00,1056,885,3191,3404,1594,1823,,3269,2512,1282,0
22/10/2017,00:00,443,466,1285,1497,797,1122,,1407,1136,715,0
23/10/2017,00:00,1542,1314,4072,4409,4103,4557,,4260,3343,2061,0
24/10/2017,00:00,1513,1248,3719,4109,3930,4512,,3960,3248,1882,0
25/10/2017,00:00,1694,1346,4152,4489,4264,5069,,4623,3799,2083,0
